<?xml version='1.0' encoding='UTF-8'?>
<IEEE1471Model xmlns:xmi="http://www.omg.org/XMI" xmlns:ieee1471="http://ieee1471">
  <system name="WH6WrmIx" content="BHmlm"/>
  <missions name="Y6e8jzfUCLdU6" content="Vvkss0w6fpuWAxvX"/>
  <stakeholders name="jdoW1XjVjro9ABaJAw" content="I2XJor"/>
  <concerns name="RQD3yx9" content="roM4uj9dQo4O"/>
  <architecture name="sYITfWSIGuY" content="dVNKcbgCxYIsIBl3Zf"/>
  <viewpoints name="ArK4mrifINr2eXRO" content="nYAmmsO9COCB7M"/>
  <system name="0gBx5RWvvxnJE" content="EtvUgMf"/>
  <missions name="JcBsqlfrFrD0w3EW" content="gylFheHB"/>
  <stakeholders name="IKuIq2kL0ogt" content="NdzLOfKyrJdlWX5BW0"/>
  <concerns name="d5tGnwZQH56RO2S" content="dnLiO0DuVvdhJhw"/>
  <architecture name="fi0gG" content="DxZYcwpURzQPG"/>
  <viewpoints name="aSo5DRBZB4omYd" content="sTPIRBexH"/>
  <system name="YvukiCgSLfqZ" content="jo4S4iMW9qxX7"/>
  <missions name="9jhJFw9" content="skz521s9SCbnhDTf"/>
  <stakeholders name="vHqXa60e" content="Tt4JgZIT2Q9"/>
  <concerns name="wDJZmXiYu4mgav" content="G64WkZJ"/>
  <architecture name="A4Ex9dKJDE5g" content="vtmRYSF4pDlpL4CA"/>
  <viewpoints name="MIY0Zcy5AzX" content="4ErrHLgj1eL31Uva8Td"/>
  <system name="S48if0dY13z7f8g7OBMO" content="HuAVPOfUqsfweaTSYbhK"/>
  <missions name="Y8PxFQaU2nP4ez" content="m6qGMpA3mHkyeKdK"/>
  <stakeholders name="cIbEYty6Vh5sMncpteH" content="tQfz4"/>
  <concerns name="ZjxZlRKrSjaBt3v2XqE" content="Z8vK3Go"/>
  <architecture name="JZVFrnFlUE0kR" content="89SJ7YOh"/>
  <viewpoints name="umMHupA5DxXVn8bP" content="DvDQRYl6iT0kS0zJIen"/>
  <system name="KjQPgwvO2H" content="5lbnH5YcY7m2aw5kU"/>
  <missions name="hOtjkNFl" content="EggozSDs"/>
  <stakeholders name="l8tyATrkZe075pPXrTo" content="RfwcRwh1CnXI"/>
  <concerns name="Le36BlOlRbDEYZE" content="ejeXZe"/>
  <architecture name="W87yA5ZYm9VymGXQ" content="wpsrIyLBh"/>
  <viewpoints name="SmE58jcaGJM" content="ZvI9xkgGpA8dvPN09g"/>
</IEEE1471Model>
