<?xml version="1.0" encoding="ISO-8859-1"?>
<xmi:XMI xmi:version="2.0" xmlns:xmi="http://www.omg.org/XMI" xmlns="Families">
  <!-- Generated Mutant: Added families and members according to rules -->
  <Family lastName="Rubei">
    <mother firstName="Cindy"/>
    <sons firstName="Brandon"/>
  </Family>
  <Family lastName="Ladytron">
    <!-- No specific members added as per rules -->
  </Family>
  <Family lastName="GENERATED_LASTNAME">
    <!-- Family created with a generated last name -->
  </Family>
  <Family lastName="DynamicLastName">
    <father firstName="GeneratedFatherName"/>
    <mother firstName="GeneratedMotherName"/>
  </Family>
</xmi:XMI>
