<?xml version='1.0' encoding='UTF-8'?>
<ns0:IEEE1471Model xmlns:ecore="http://www.eclipse.org/emf/2002/Ecore" xmlns:xmi="http://www.omg.org/XMI" xmlns:xsi="http://www.w3.org/2001/XMLSchema-instance" xmlns:ns0="http://ieee1471">
  <System name="noFlF" content="QyeFKqUXTkzsQCYGMRdBgSnTxCMhJyLkmYZCltrSjmijwXxhVZQLARHqXBdHcPlkjWclHXajkEFa"/>
  <System name="bCKrVkpXRaFSTLxIXMaL" content="maoKkxCKdUXcEuFhUnWuwhDogwzKbwbIHkiusKnqjbrXlHUcdZZkfrlLWx"/>
  <System name="HQAKSvGSLrsYvyl" content="fsCmZnryYQnqSNNQgjEYxbTllrvncMGVZskdqqwTanrKQLYOkYNKRncfDksDghETKpLjGDeCVaimfBjCMBdzzCkBiqrBFnzTNrWe"/>
  <System name="FyYFu" content="CNiGnRXMazhenMGjLwtrBBjOnwbhxflJXFK"/>
  <System name="HJfzGOpuoSgsqppWkjyZ" content="tlZUKUJvXrjJwMQdWDxghJtYOPUHPyifJOIzVwwWnEAhOSVkwDSHllXRffmLuhbZzvAQCfkRjRaWyIv"/>
  <Mission name="sGgXOhYa" content="XuDEURezofItkDKUJzAnjuTvCtykU"/>
  <Mission name="VnLoWYZIRYIcrvm" content="nLSaLAPvrjverqtxNHyHRboaWEHWiNolWGIfLmLsODXsnfWvKUbufilArxWZkvhJDAPHeeYfkpDRtmTnEDgPwUUwoFdT"/>
  <Mission name="FXYDO" content="LWdoioeeTIKTWFgqxHCPwOpIZEcvTJPgvfCqgwvxAJYfvLruatDrLjwOCPeZaVImxWgoAtSwBharXiwvWYDnZLVRKdkaq"/>
  <Mission name="LQoktsc" content="gYriyIPjzUidDbZNsjWvyVchkYniSCi"/>
  <Mission name="YTFORjmskTjLZRMAk" content="neFZbszdNlVaQzdpEtwZJmxxqwdjpEMJWKPnSmcPvuuNXEowxYyIxPXSbhPScaeFuzPHijKskQoqViarzKqTVuFIneWhWBIW"/>
</ns0:IEEE1471Model>
