<?xml version='1.0' encoding='ASCII'?>
<abc:Root xmlns:xmi="http://www.omg.org/XMI" xmlns:xsi="http://www.w3.org/2001/XMLSchema-instance" xmlns:abc="http://abc" xmi:version="2.0" startLine="3" endLine="75" name="project">
<abc:Element xsi:type="abc:Element" name="pNnuPh" value="A"><abc:Text xsi:type="abc:Text" name="LEZmuqspnvFPxIx" value="im"/><abc:Attribute xsi:type="abc:Attribute" name="ThGKfsEMaaxmdGMjT" value="fM"/></abc:Element><abc:Element xsi:type="abc:Element" name="TbewhDz" value="jn"><abc:Text xsi:type="abc:Text" name="yTLnGEQwRn" value="ng"/><abc:Attribute xsi:type="abc:Attribute" name="PecQDKMSXVXtwGJJVI" value="tc"/></abc:Element><abc:Element xsi:type="abc:Element" name="zAxxQMWNfrkEdpNIofwD" value="YF"><abc:Text xsi:type="abc:Text" name="lMWTDxxDduB" value="j"/><abc:Attribute xsi:type="abc:Attribute" name="kNXiYgSeXDEZLVXAB" value="SR"/></abc:Element><abc:Element xsi:type="abc:Element" name="KekuMxEZBlGrot" value="qy"><abc:Text xsi:type="abc:Text" name="gALYUU" value="Ao"/><abc:Attribute xsi:type="abc:Attribute" name="LCKUme" value="w"/></abc:Element><abc:Element xsi:type="abc:Element" name="hbnfKVKnyTxgR" value="sU"><abc:Text xsi:type="abc:Text" name="grIFlThDB" value="K"/><abc:Attribute xsi:type="abc:Attribute" name="wpjrUItiTwMxSmaA" value="KI"/></abc:Element></abc:Root>
