<?xml version='1.0' encoding='UTF-8'?>
<IEEE1471Model xmlns:xmi="http://www.omg.org/XMI" xmlns:ieee1471="http://ieee1471">
  <system name="FQvhB5NS" content="qVAybEh1vHSH7"/>
  <missions name="Ih3vozaw4" content="Yt0uzpRg2m0zEIG3zaPI"/>
  <stakeholders name="bfweKRJ6kL" content="7VE6aQZuIT5KIFqTq"/>
  <concerns name="bywLu7abM" content="QzFVEeUjlY1UcJ6k"/>
  <architecture name="XJ6cmgQuX3MHaet1g" content="9O4wr1"/>
  <viewpoints name="t2fJpGtPQ3" content="YlsAYJjZ2Z"/>
  <system name="idaZervwG2paoY1C" content="SfOe7m5s7"/>
  <missions name="09R1MsvQoc" content="HTISM9T"/>
  <stakeholders name="oHHNx" content="XVm28Sjx"/>
  <concerns name="12Aq2SBIphg89F5ubF4" content="BINmrGHH"/>
  <architecture name="ZV9ndt2JT" content="hI7aaJanXEK"/>
  <viewpoints name="QpdNZKPIbe" content="lAs0u1EFLLTZ4DGRRnr"/>
  <system name="pzS2fCX" content="q0ItuxVUvW3Vfvbpl07X"/>
  <missions name="iKu7GxW" content="bRRbjR7oe0XtJexkLo"/>
  <stakeholders name="eIisElgd8L9" content="DiGsk"/>
  <concerns name="Bps6BUavFZUy9q7v" content="lLRvtKlBOA5u00"/>
  <architecture name="q0ib3R4bp" content="Pu7ORDC4"/>
  <viewpoints name="rQ4q4MC7wHKQWWhwJ" content="iZZSgNiNqRv"/>
  <system name="2lBEbP1bfB2UEA5g" content="bVspV0OOvIkAJ9bF"/>
  <missions name="eiKYROXk0UBIEGFMeVo7" content="Td5FQ9lZfBMFrunD"/>
  <stakeholders name="MUWpGl2ZjkX4Dty" content="MOcFTA6KUW5TrP6Q3Yx"/>
  <concerns name="1V3RFsxCfky" content="LkY1HzNgFtjl"/>
  <architecture name="sSf30lHe1E" content="Mp5CYFq5Gvvqk4Zn"/>
  <viewpoints name="ccdh8" content="f9IMBjmvZJH4qMFLwG6n"/>
  <system name="VkzWxTh1pBaBkxiD3mWN" content="Pr5dOMorcvQr"/>
  <missions name="MI7pWsalqnyU" content="TS32Rl"/>
  <stakeholders name="LCD30YzHl6XvymfA" content="7jO8w6ji"/>
  <concerns name="sObvlMOvLKw75EuQv" content="0IezTme"/>
  <architecture name="TMpJDznNq28e4UsLDfSM" content="yPvPIpliXOwc2AcQCGt"/>
  <viewpoints name="4MdF1" content="HU8tt"/>
</IEEE1471Model>
