<?xml version='1.0' encoding='UTF-8'?>
<ns0:IEEE1471Model xmlns:xmi="http://www.omg.org/XMI" xmlns:xsi="http://www.w3.org/2001/XMLSchema-instance" xmlns:ecore="http://www.eclipse.org/emf/2002/Ecore" xmlns:ns0="http://ieee1471">
  <system name="TsqtzihIDfeGDKcGkeT" content="zGPPunsuKLzZvcIlEGdVmSMUljxCvfzxKVmigfkXYfMRkbdBFkKuonmarfeImjMiGTOOEHQwgQZsuJDgGuRMliQIfN"/>
  <system name="bPpJbMLk" content="QlUVNwWpjLAspnYkoMetzctqMhgNLpWHSDcBeysckAdbjMjwiyXWWpcyMPnXBATmh"/>
  <system name="BGKkjFxpWPRIab" content="WlBoaQNPzJaksOLAahYekzXTOzVKqLpwnfcIIniKIbpCjOkARNrzHqmkboKhHsbE"/>
  <system name="KyWEVzv" content="qfxASGSZfbTCOIZNGENaemHhQZtCUgNZFeHSTUaUfrztEkfdOXmdqDTCWXwfXdslXiQhLMUBECA"/>
  <system name="qsBVkxiNHgxXmhdIo" content="vFjMZwNEMqjKBPmorFwTFM"/>
  <mission name="pgvWzsLTTgF" content="VLJuOgNLDmGYfmzgkEGftyGnVUidlqBPJxQRaPMuxttxFLaHZBTRGvgTwfCEGqhpvGQyNjWgolAbOEwjcq"/>
  <mission name="bSpRFHZbqYEJzM" content="iNGblDcGZkxcYcLmBCiZMLbHmCfj"/>
  <mission name="CerzFXxU" content="txKgNgEoywlCqRqkoKTqZHDazdgtsDPDtbP"/>
  <mission name="myfZirFAjrPUazHT" content="QvhbeNkOcTAiANKTYPODmSKzOSWTQBxdMRnQQPaHYWGgGWNcPENJSzIPtFNWgxYMnWVvisSvWfRjXjMQhgKkwn"/>
  <mission name="iHhHYEOKU" content="susrkIepiuwFywdSSHsuZEPmTrjHffEVwgpEYj"/>
  <stakeholder name="ClOnB" content="HLgCiyyGqIBFLIgNdLKEOPmHUbRPJzCwAgUrbOuLnEwQiNOiTLLJqVbgHQAszt"/>
  <stakeholder name="PcHnUjLgTzjtAEDbRLV" content="TGWMkgJQFfjxusFPWjWDDsLikvPXYYeiHsgylgTrxUohVOduIkKnmyuOVvqFsspEhw"/>
  <stakeholder name="yIRGSRzZqN" content="wFgXhqBammYPjOsLNoqHiMZcsFesNCuNdgBNRmgZFUwNVpccWMipeJoSmlMsdUuYBjxaODa"/>
  <stakeholder name="QboWYMCFB" content="GQAPJGTZKFNkgNToCrMGAmQHCfIRTKsOyVNSOaBvAWCJaBXbFHqDDkGcx"/>
  <stakeholder name="vlJHEFfjCXp" content="bHSYMCPWFjWMSZqlCNcbCTQrXextGdCaxdhOycldarXGKzhPUJmlXRasGqcBDFzqGfyfqUzyvyFRLSURxXmSOVUGN"/>
  <concern name="ypyQCXmp" content="hZFNhOvwaNpWmNMkdpFVSEUjcwZjIVaYdFEIJZpLCPEKUEDPEFGAYupyIZnGOPWJrEahmeCWwyfqxqWzVuyJqzmFMKqRWbg"/>
  <concern name="vuoiNR" content="IqLZIITrdUydRLelcmIAvxTCmurbHQdvFTXivKuMWzBuljcwttixGzSrJqRhkolSDFSaDIefb"/>
  <concern name="wEzTPeXx" content="OLPMlrluSNbmhbsBiFtKwPBXUCvvigJzBgkusoqzHuGWwmgFcDSlffHLyWoqMNszEUOBxV"/>
  <concern name="OGzhdfISGo" content="DgqCjWcpGwlGydCwCwQTDPeCuGwTDfRx"/>
  <concern name="hIPSaWlfojkggsVGq" content="HqQaHWAdIyDMfuxjuXSPRWXktGnotL"/>
  <architecture name="QIAmKiCIoHJnH" content="TqwSvsokXbrmlkyzSDrHFCDFCRpaitdIuCFlJWnqqZrXStSQMNjIBxkmWIJMAmWtRKAnfgFsXrHKXjpZMmmnqWMsTEhy"/>
  <architecture name="RACMLuUnBvg" content="gSjYEyhDbbdnXGSWmxfIOgynMlMoxhhiLpEnycwKdgEgnhBArsqfqlsGvJPHKvrFaXQbrpnq"/>
  <architecture name="TJgqcqPMwbUCHjpc" content="NIeObKXERYlFNWrLqPwbkuPDulERFMBbliQrjmtHVyZWsLpqOBwCTyyFvKKzXAkSRfbeuQGHlKoebpDdCDWbda"/>
  <architecture name="dUTGEKbDGRuI" content="CdTHgRiexpUHlJhBvcZlnazHgcnrHcbDtTkAVizhQpelOnHFgyywhyzCInUpvEuzRaamCmOjRgeDZZXxe"/>
  <architecture name="ESxLQKidOMi" content="KyFFSfwNDFKZlLYqiXAqIILFRh"/>
  <viewpoint name="tJLajNnKSscBkqAzo" content="uXXaqIkVfzeOHlUEMzoTwGTQQagjKcxzbnweLrlXrgvzCzKZJWqDvbhvsNMvBoBBidDMaIBfCiOOEOrMSWIhSCiU"/>
  <viewpoint name="jHWChYSKiSeHVPdjX" content="ESEFaHMkYiKnrhYhmdDXMOlilMxiyeZywTtWWrUzqzGeoHoeSyVDy"/>
  <viewpoint name="LmkcBoXZNJw" content="NsyUfJFCdGbwovEzuwgICgfXNhgGAvrTa"/>
  <viewpoint name="LAkEC" content="PwQFDcAMDdUOUrPzfxvBoDltRtUrmHaBkQLqXAYFNqkdiWiMXKcEvKiTMtrNAu"/>
  <viewpoint name="gzFEfzK" content="BWMMogxDMVworcUEPFGswixLlTDowzoONEfQoASwHCyrtwJpFJrarcMUfhccpSXyLYabEzStMKHcvFZdOnoSWccvigB"/>
</ns0:IEEE1471Model>
