<?xml version='1.0' encoding='UTF-8'?>
<mysql:DataBase xmlns:xmi="http://www.omg.org/XMI" xmlns:mysql="http://mysql" name="MutatedDB">
  <mysql:Table name="xTtxaL">
    <mysql:Column name="nTakjwJDPBZNoycCh" type="varchar" comment="Auto-generated column"/>
    <mysql:Column name="gijGK" type="varchar" comment="Auto-generated column"/>
    <mysql:Column name="gCPvWnQH" type="varchar" comment="Auto-generated column"/>
    <mysql:Column name="TCPqFaSvzJqX" type="varchar" comment="Auto-generated column"/>
    <mysql:Column name="SgddobQ" type="varchar" comment="Auto-generated column"/>
    <mysql:Column name="Iqymq" type="varchar" comment="Auto-generated column"/>
    <mysql:Column name="RLZugzQoNbjgTJN" type="varchar" comment="Auto-generated column"/>
    <mysql:Column name="xmEmUq" type="varchar" comment="Auto-generated column"/>
    <mysql:Column name="RhfdEgdaTTxFHu" type="varchar" comment="Auto-generated column"/>
    <mysql:Column name="ZWOPZfWsSauXrjoBA" type="varchar" comment="Auto-generated column"/>
  </mysql:Table>
  <mysql:Table name="WKzrLtDtY">
    <mysql:Column name="lfgOneJogiWUj" type="varchar" comment="Auto-generated column"/>
    <mysql:Column name="MiljfkgMB" type="varchar" comment="Auto-generated column"/>
    <mysql:Column name="rREYJm" type="varchar" comment="Auto-generated column"/>
    <mysql:Column name="HKfSNy" type="varchar" comment="Auto-generated column"/>
    <mysql:Column name="GzjXzioIpcK" type="varchar" comment="Auto-generated column"/>
    <mysql:Column name="IxMJHtQTOEtHhyQWgYq" type="varchar" comment="Auto-generated column"/>
    <mysql:Column name="TLAiTjdAmYPnUwyLf" type="varchar" comment="Auto-generated column"/>
    <mysql:Column name="hMGBjIzEDHbRre" type="varchar" comment="Auto-generated column"/>
    <mysql:Column name="UxpKhWy" type="varchar" comment="Auto-generated column"/>
    <mysql:Column name="EMVtZBVbbPXqo" type="varchar" comment="Auto-generated column"/>
  </mysql:Table>
  <mysql:Table name="CcPBBLNfZReEZQaijsW">
    <mysql:Column name="zDrRQGBQIgx" type="varchar" comment="Auto-generated column"/>
    <mysql:Column name="FvGPMGEjrghulL" type="varchar" comment="Auto-generated column"/>
    <mysql:Column name="RJQolvlD" type="varchar" comment="Auto-generated column"/>
    <mysql:Column name="LhebjjwrCaCNMGAT" type="varchar" comment="Auto-generated column"/>
    <mysql:Column name="nqiNqjvDyVg" type="varchar" comment="Auto-generated column"/>
    <mysql:Column name="CSiwMUwZxXKzm" type="varchar" comment="Auto-generated column"/>
    <mysql:Column name="iLLsBkDYq" type="varchar" comment="Auto-generated column"/>
    <mysql:Column name="nfZqKO" type="varchar" comment="Auto-generated column"/>
    <mysql:Column name="GzfhYzJhrulwfa" type="varchar" comment="Auto-generated column"/>
    <mysql:Column name="yAoDHYDflembukyqBuOr" type="varchar" comment="Auto-generated column"/>
  </mysql:Table>
  <mysql:Table name="vjfortZGgEGFRq">
    <mysql:Column name="PzRPNM" type="varchar" comment="Auto-generated column"/>
    <mysql:Column name="ksrTxuPbYX" type="varchar" comment="Auto-generated column"/>
    <mysql:Column name="tJwVBReyAAKcSUwBM" type="varchar" comment="Auto-generated column"/>
    <mysql:Column name="HtwpfMbbftETfvB" type="varchar" comment="Auto-generated column"/>
    <mysql:Column name="MVITHaZffv" type="varchar" comment="Auto-generated column"/>
    <mysql:Column name="uXXRrvxLsYMKBpaAK" type="varchar" comment="Auto-generated column"/>
    <mysql:Column name="FYZRNZCrclcNPbmrU" type="varchar" comment="Auto-generated column"/>
    <mysql:Column name="njHTzaREjIGblwmZeWUS" type="varchar" comment="Auto-generated column"/>
    <mysql:Column name="rqhELxDRNbNnopQc" type="varchar" comment="Auto-generated column"/>
    <mysql:Column name="pZBnOSWaMheCHLVn" type="varchar" comment="Auto-generated column"/>
  </mysql:Table>
  <mysql:Table name="zNKvxIvls">
    <mysql:Column name="ujcpNAa" type="varchar" comment="Auto-generated column"/>
    <mysql:Column name="lDNOLKylDbAcbVJGvGZ" type="varchar" comment="Auto-generated column"/>
    <mysql:Column name="rSapOMBsRTOZPP" type="varchar" comment="Auto-generated column"/>
    <mysql:Column name="JQksGZdfEGwyw" type="varchar" comment="Auto-generated column"/>
    <mysql:Column name="DIuMeMGqgYd" type="varchar" comment="Auto-generated column"/>
    <mysql:Column name="jHbnWChJ" type="varchar" comment="Auto-generated column"/>
    <mysql:Column name="dAUNGEnOYRjSg" type="varchar" comment="Auto-generated column"/>
    <mysql:Column name="OQuZhNSib" type="varchar" comment="Auto-generated column"/>
    <mysql:Column name="ejLekGHsxFKNnpZG" type="varchar" comment="Auto-generated column"/>
    <mysql:Column name="AzClVq" type="varchar" comment="Auto-generated column"/>
  </mysql:Table>
  <mysql:Table name="HfHUGxaoVdFATiBWCZ">
    <mysql:Column name="uIaThDINI" type="varchar" comment="Auto-generated column"/>
    <mysql:Column name="EZOHhs" type="varchar" comment="Auto-generated column"/>
    <mysql:Column name="UHwHPXhHZMm" type="varchar" comment="Auto-generated column"/>
    <mysql:Column name="FPfIbjywGIkiou" type="varchar" comment="Auto-generated column"/>
    <mysql:Column name="uRBVxiI" type="varchar" comment="Auto-generated column"/>
    <mysql:Column name="ylunHpSh" type="varchar" comment="Auto-generated column"/>
    <mysql:Column name="rqJVZHqPWnTqcEe" type="varchar" comment="Auto-generated column"/>
    <mysql:Column name="eDxSAlmysvqMXzPxyvY" type="varchar" comment="Auto-generated column"/>
    <mysql:Column name="lxQgOtkZTiBffHRfqjvl" type="varchar" comment="Auto-generated column"/>
    <mysql:Column name="mKYqyTR" type="varchar" comment="Auto-generated column"/>
  </mysql:Table>
  <mysql:Table name="ETmCiNpIxx">
    <mysql:Column name="VSxvlusoFebzr" type="varchar" comment="Auto-generated column"/>
    <mysql:Column name="HpKnWFXFJxMLzPjcnMU" type="varchar" comment="Auto-generated column"/>
    <mysql:Column name="QVOyeHubTBVxl" type="varchar" comment="Auto-generated column"/>
    <mysql:Column name="vSQWteMShXHFV" type="varchar" comment="Auto-generated column"/>
    <mysql:Column name="MonygY" type="varchar" comment="Auto-generated column"/>
    <mysql:Column name="uMKkh" type="varchar" comment="Auto-generated column"/>
    <mysql:Column name="tzaYzn" type="varchar" comment="Auto-generated column"/>
    <mysql:Column name="qCTRcod" type="varchar" comment="Auto-generated column"/>
    <mysql:Column name="bVGeRLsjsY" type="varchar" comment="Auto-generated column"/>
    <mysql:Column name="DNXeFzhrGooJsSO" type="varchar" comment="Auto-generated column"/>
  </mysql:Table>
  <mysql:Table name="LaZzf">
    <mysql:Column name="xofflUyWmdtvoAxChcq" type="varchar" comment="Auto-generated column"/>
    <mysql:Column name="GscWKAqMbKOq" type="varchar" comment="Auto-generated column"/>
    <mysql:Column name="YtCQKbHwdkWEbbkwVOH" type="varchar" comment="Auto-generated column"/>
    <mysql:Column name="NGaUOYHpDoCBltckeYf" type="varchar" comment="Auto-generated column"/>
    <mysql:Column name="XUCiQKdFcUpaPWcBRXN" type="varchar" comment="Auto-generated column"/>
    <mysql:Column name="uOTckzvRXHEqMEhceZh" type="varchar" comment="Auto-generated column"/>
    <mysql:Column name="dDdPKZYd" type="varchar" comment="Auto-generated column"/>
    <mysql:Column name="nWzVOwcyEDrLHGk" type="varchar" comment="Auto-generated column"/>
    <mysql:Column name="ccfukeKHVXyPElw" type="varchar" comment="Auto-generated column"/>
    <mysql:Column name="fPXBCjkBQ" type="varchar" comment="Auto-generated column"/>
  </mysql:Table>
  <mysql:Table name="HlSnVbCXGgzDRvhbveO">
    <mysql:Column name="OHOlROuNhLkcvYCLn" type="varchar" comment="Auto-generated column"/>
    <mysql:Column name="PSNsEIDUYqseYiGS" type="varchar" comment="Auto-generated column"/>
    <mysql:Column name="FMcVBijHkFL" type="varchar" comment="Auto-generated column"/>
    <mysql:Column name="lOnwWzLFSlHSP" type="varchar" comment="Auto-generated column"/>
    <mysql:Column name="BwJBlf" type="varchar" comment="Auto-generated column"/>
    <mysql:Column name="zwsstYZxRsRrLEcRXig" type="varchar" comment="Auto-generated column"/>
    <mysql:Column name="HLWTaZh" type="varchar" comment="Auto-generated column"/>
    <mysql:Column name="RmAlTXVFHv" type="varchar" comment="Auto-generated column"/>
    <mysql:Column name="ctawmqbyUqQiGfpH" type="varchar" comment="Auto-generated column"/>
    <mysql:Column name="ZYAWxNscLhEUK" type="varchar" comment="Auto-generated column"/>
  </mysql:Table>
  <mysql:Table name="HuCJRMkxspJ">
    <mysql:Column name="UbgkjryRvru" type="varchar" comment="Auto-generated column"/>
    <mysql:Column name="vuyekhasd" type="varchar" comment="Auto-generated column"/>
    <mysql:Column name="pJsnASC" type="varchar" comment="Auto-generated column"/>
    <mysql:Column name="UzIMX" type="varchar" comment="Auto-generated column"/>
    <mysql:Column name="DpWvPg" type="varchar" comment="Auto-generated column"/>
    <mysql:Column name="BSlBGawuZ" type="varchar" comment="Auto-generated column"/>
    <mysql:Column name="SJGjEqV" type="varchar" comment="Auto-generated column"/>
    <mysql:Column name="CHBrRLOS" type="varchar" comment="Auto-generated column"/>
    <mysql:Column name="WNDjfMoFSevJbdLYf" type="varchar" comment="Auto-generated column"/>
    <mysql:Column name="UrdAYyNYDsqdBlZxYhxs" type="varchar" comment="Auto-generated column"/>
  </mysql:Table>
  <mysql:Table name="KASwpAML">
    <mysql:Column name="cngYOWwY" type="varchar" comment="Auto-generated column"/>
    <mysql:Column name="XkevkNDhRghZwhaj" type="varchar" comment="Auto-generated column"/>
    <mysql:Column name="vWwuNngdhbAkaNQC" type="varchar" comment="Auto-generated column"/>
    <mysql:Column name="ShXbo" type="varchar" comment="Auto-generated column"/>
    <mysql:Column name="fjkyJBwlOLzEmI" type="varchar" comment="Auto-generated column"/>
    <mysql:Column name="pyKxmCcFZZuto" type="varchar" comment="Auto-generated column"/>
    <mysql:Column name="MZhkwpsPAARMojjo" type="varchar" comment="Auto-generated column"/>
    <mysql:Column name="QnPRwJAuIinu" type="varchar" comment="Auto-generated column"/>
    <mysql:Column name="fPyShbNpGsiwpBBaM" type="varchar" comment="Auto-generated column"/>
    <mysql:Column name="wfsljOESC" type="varchar" comment="Auto-generated column"/>
  </mysql:Table>
  <mysql:Table name="fraNV">
    <mysql:Column name="BGqPaQPtNs" type="varchar" comment="Auto-generated column"/>
    <mysql:Column name="sgaKElF" type="varchar" comment="Auto-generated column"/>
    <mysql:Column name="HNjFXFjgSjHNEVa" type="varchar" comment="Auto-generated column"/>
    <mysql:Column name="iIWYrYGYZgnc" type="varchar" comment="Auto-generated column"/>
    <mysql:Column name="PxMGwKQDl" type="varchar" comment="Auto-generated column"/>
    <mysql:Column name="SWJzkn" type="varchar" comment="Auto-generated column"/>
    <mysql:Column name="UTBldW" type="varchar" comment="Auto-generated column"/>
    <mysql:Column name="WKivgDPEylWISGYW" type="varchar" comment="Auto-generated column"/>
    <mysql:Column name="izFVVEFSVbnOJcaJvowX" type="varchar" comment="Auto-generated column"/>
    <mysql:Column name="FikHWqqUXRgkdSYIE" type="varchar" comment="Auto-generated column"/>
  </mysql:Table>
  <mysql:Table name="JSweLEMFcFiDk">
    <mysql:Column name="RGxhtWSQMOJ" type="varchar" comment="Auto-generated column"/>
    <mysql:Column name="ghKVS" type="varchar" comment="Auto-generated column"/>
    <mysql:Column name="rqCscCgbokGzNgIP" type="varchar" comment="Auto-generated column"/>
    <mysql:Column name="qhOsPaKjvDbos" type="varchar" comment="Auto-generated column"/>
    <mysql:Column name="PaUhki" type="varchar" comment="Auto-generated column"/>
    <mysql:Column name="hFuoOKVraGbKGDPt" type="varchar" comment="Auto-generated column"/>
    <mysql:Column name="NfZBu" type="varchar" comment="Auto-generated column"/>
    <mysql:Column name="dnrjHILuylKlGdIMrk" type="varchar" comment="Auto-generated column"/>
    <mysql:Column name="kxyCuZgtecesHlCL" type="varchar" comment="Auto-generated column"/>
    <mysql:Column name="nDQdY" type="varchar" comment="Auto-generated column"/>
  </mysql:Table>
  <mysql:Table name="mXeNdfUuihlawXQP">
    <mysql:Column name="VGWnCJeP" type="varchar" comment="Auto-generated column"/>
    <mysql:Column name="eHisBOSoTcarDLgaQkj" type="varchar" comment="Auto-generated column"/>
    <mysql:Column name="cKNqBUrliRgFROEkGc" type="varchar" comment="Auto-generated column"/>
    <mysql:Column name="sqlbomLCWkz" type="varchar" comment="Auto-generated column"/>
    <mysql:Column name="SiQquglrX" type="varchar" comment="Auto-generated column"/>
    <mysql:Column name="DrNYEBIIvkyEnJ" type="varchar" comment="Auto-generated column"/>
    <mysql:Column name="tRcwiyViNMNIDssRiNkz" type="varchar" comment="Auto-generated column"/>
    <mysql:Column name="IkDCLUXc" type="varchar" comment="Auto-generated column"/>
    <mysql:Column name="gQgcX" type="varchar" comment="Auto-generated column"/>
    <mysql:Column name="sYHTYZejeKOfPMacujQZ" type="varchar" comment="Auto-generated column"/>
  </mysql:Table>
  <mysql:Table name="AxUbfSjHNogeNxlq">
    <mysql:Column name="swhkaUc" type="varchar" comment="Auto-generated column"/>
    <mysql:Column name="bGnZpFPsrUuBOfHS" type="varchar" comment="Auto-generated column"/>
    <mysql:Column name="xHHlhtlexhAu" type="varchar" comment="Auto-generated column"/>
    <mysql:Column name="QURIaimanO" type="varchar" comment="Auto-generated column"/>
    <mysql:Column name="QZQsgtoiyyN" type="varchar" comment="Auto-generated column"/>
    <mysql:Column name="lgOiuVmTjg" type="varchar" comment="Auto-generated column"/>
    <mysql:Column name="rOnGJEcbJvwCnPQ" type="varchar" comment="Auto-generated column"/>
    <mysql:Column name="mWllbARY" type="varchar" comment="Auto-generated column"/>
    <mysql:Column name="VArJNRpEjGPAm" type="varchar" comment="Auto-generated column"/>
    <mysql:Column name="MZQEvZjVzhvYOTLe" type="varchar" comment="Auto-generated column"/>
  </mysql:Table>
  <mysql:Table name="WbwaIlZRRWuIj">
    <mysql:Column name="KBvORxYsNYDCPldwitq" type="varchar" comment="Auto-generated column"/>
    <mysql:Column name="xedGqxOr" type="varchar" comment="Auto-generated column"/>
    <mysql:Column name="hLEZvitNOzY" type="varchar" comment="Auto-generated column"/>
    <mysql:Column name="WKbaccIcPuBERW" type="varchar" comment="Auto-generated column"/>
    <mysql:Column name="HDaQtAyfogNfs" type="varchar" comment="Auto-generated column"/>
    <mysql:Column name="EPymsJq" type="varchar" comment="Auto-generated column"/>
    <mysql:Column name="COaucszMznRgkJF" type="varchar" comment="Auto-generated column"/>
    <mysql:Column name="VQKiqGlQNjFaod" type="varchar" comment="Auto-generated column"/>
    <mysql:Column name="ZIfUJEGjqkjv" type="varchar" comment="Auto-generated column"/>
    <mysql:Column name="RACuMQYTXIab" type="varchar" comment="Auto-generated column"/>
  </mysql:Table>
  <mysql:Table name="aLyTOAijjvNJWuf">
    <mysql:Column name="WgtmGwdsW" type="varchar" comment="Auto-generated column"/>
    <mysql:Column name="uEiGXjdbPPBkzgLO" type="varchar" comment="Auto-generated column"/>
    <mysql:Column name="ywCUSH" type="varchar" comment="Auto-generated column"/>
    <mysql:Column name="cFwjiEyFFCRQXE" type="varchar" comment="Auto-generated column"/>
    <mysql:Column name="rCLffYkQUlhLGkxuC" type="varchar" comment="Auto-generated column"/>
    <mysql:Column name="WnnJflz" type="varchar" comment="Auto-generated column"/>
    <mysql:Column name="dLiKLFtId" type="varchar" comment="Auto-generated column"/>
    <mysql:Column name="OOxQDNZ" type="varchar" comment="Auto-generated column"/>
    <mysql:Column name="lKaWbTBNSxCg" type="varchar" comment="Auto-generated column"/>
    <mysql:Column name="QPCEozCxsHXLiNUpM" type="varchar" comment="Auto-generated column"/>
  </mysql:Table>
  <mysql:Table name="gQeNerByZvjpVb">
    <mysql:Column name="mfHuzZW" type="varchar" comment="Auto-generated column"/>
    <mysql:Column name="WHmHXjIaZNVUDe" type="varchar" comment="Auto-generated column"/>
    <mysql:Column name="aigpEdputpnHE" type="varchar" comment="Auto-generated column"/>
    <mysql:Column name="vutYP" type="varchar" comment="Auto-generated column"/>
    <mysql:Column name="IRGwQmFL" type="varchar" comment="Auto-generated column"/>
    <mysql:Column name="yQQOIUCpWy" type="varchar" comment="Auto-generated column"/>
    <mysql:Column name="TBkjIBRWiGHmSDcG" type="varchar" comment="Auto-generated column"/>
    <mysql:Column name="zzaAXfrxnMhtUjp" type="varchar" comment="Auto-generated column"/>
    <mysql:Column name="gKcNJXKrZLYIp" type="varchar" comment="Auto-generated column"/>
    <mysql:Column name="dMYdUrExQoGpRrxP" type="varchar" comment="Auto-generated column"/>
  </mysql:Table>
  <mysql:Table name="XyYehinICwKq">
    <mysql:Column name="CYKbtmx" type="varchar" comment="Auto-generated column"/>
    <mysql:Column name="FtGrKdQsIOhzncjtk" type="varchar" comment="Auto-generated column"/>
    <mysql:Column name="nwsILCuMx" type="varchar" comment="Auto-generated column"/>
    <mysql:Column name="YAUWaKcqJSMCeUDgLxrJ" type="varchar" comment="Auto-generated column"/>
    <mysql:Column name="zDghYJMFwAgUWpaMg" type="varchar" comment="Auto-generated column"/>
    <mysql:Column name="qYDjqnbsbSjCJGR" type="varchar" comment="Auto-generated column"/>
    <mysql:Column name="vZfmQOZgKnxjwcLLuxr" type="varchar" comment="Auto-generated column"/>
    <mysql:Column name="xshfZhIoxSeNAy" type="varchar" comment="Auto-generated column"/>
    <mysql:Column name="nQNtzgsENcVvpxnsN" type="varchar" comment="Auto-generated column"/>
    <mysql:Column name="inRFa" type="varchar" comment="Auto-generated column"/>
  </mysql:Table>
  <mysql:Table name="eyoFQYBjpOVGQkSTKiJ">
    <mysql:Column name="syACgOioArldHtqGODs" type="varchar" comment="Auto-generated column"/>
    <mysql:Column name="sfqDjNE" type="varchar" comment="Auto-generated column"/>
    <mysql:Column name="WcyNjVeyf" type="varchar" comment="Auto-generated column"/>
    <mysql:Column name="IwRiVtzTVBUWnmpt" type="varchar" comment="Auto-generated column"/>
    <mysql:Column name="JrSJvcJonkFGzxI" type="varchar" comment="Auto-generated column"/>
    <mysql:Column name="KoKDOnxRwCoJVYP" type="varchar" comment="Auto-generated column"/>
    <mysql:Column name="AKvoSKWgw" type="varchar" comment="Auto-generated column"/>
    <mysql:Column name="DjpUSyHKxFNJWgZeuWc" type="varchar" comment="Auto-generated column"/>
    <mysql:Column name="GdDxgFkgUL" type="varchar" comment="Auto-generated column"/>
    <mysql:Column name="lnBLorhWt" type="varchar" comment="Auto-generated column"/>
  </mysql:Table>
</mysql:DataBase>
