<?xml version='1.0' encoding='UTF-8'?>
<ieee1471:IEEE1471Model xmlns:xmi="http://www.omg.org/XMI" xmlns:ecore="http://www.eclipse.org/emf/2002/Ecore" xmlns:ieee1471="http://ieee1471">
  <ieee1471:System name="XCXXMQnEOoWulDb" content="CDqUiTUSFwKEVVxsKgzdYCLVsOFSwGXKeOhKGhLJdTAEqPZrTcEcxBrqVUrGARhqQEencYmUVhKAXsxq"/>
  <ieee1471:Mission name="NtHbQsYMKrBRQhO" content="ScpvJKVdpkbAQBItsmFAyYKnzP"/>
  <ieee1471:Stakeholder name="svkjeR" content="LmKoNYCCrswxiIYApJAtwqDbRpAchleqmomWYjegzHlJGJZBANaKfaY"/>
  <ieee1471:Concern name="UtyWQlofiY" content="hTPfQMuJprPmZTrJlrgoDxKIYmffENIOOqrLTElZMdNAspZENOFzxjwzsOWyLFHivtVYhBCDskzx"/>
  <ieee1471:Architecture name="oQzVUBcLIA" content="ptPCDHFOkIEnlzFTQeKFQXrojXKvd"/>
  <ieee1471:Viewpoint name="nlRiEkTmVQqTwtIaib" content="APfNQwkXNXREsludmtePQDKoynJpbekxYlrUSHRjAcEABHLWuRrxtjyTJj"/>
  <ieee1471:System name="nVVWWrlIuoYCJBdew" content="OjdbJuBQqcGgFoMMQZzPddVAzgMWPCufVbaKAbYZDqVBDxasCmqGoBnAmMkKZRsepiSjEcGWmUTpKyoFk"/>
  <ieee1471:Mission name="WgHIaTHBzHolOsd" content="AxxZwaeNSGslzuxpcqXdweGMlMPmWBNcqfHVoARzv"/>
  <ieee1471:Stakeholder name="dlVxIinwgvakOCbjCaz" content="gbGRRiFRnFPNgNKRnzqnTbnfzGFPIEnmgGJzpJkGdAmboRsCMTnLVeVlyoZPilKdtVTslVuLynIQdTeuWOEJZNBgjtn"/>
  <ieee1471:Concern name="XACKjJTnnDXJQl" content="TUimjTwtDFOvYbsSdlHKaZjy"/>
  <ieee1471:Architecture name="OmzROJnp" content="zpLUldxwAvugUKuoMtjvNbskViDQchRypNGipAmliCjlKNogzkHicxNfuCtZFQL"/>
  <ieee1471:Viewpoint name="XFGczbitH" content="FTgJrpqqNOyRzNSpDoKJfAgeutEFiMAjzwlIieeNBUkoiLhKoVU"/>
  <ieee1471:System name="uYVfqOcumOQRdX" content="yAwFiKvULuLuXWqsZKvOMRPwUokCzMnPGglKDkCIXluZbQSAPbgHzKUyBQTzmIQuGfCtqbKIyQieXrERTwgvqafCWUmwIL"/>
  <ieee1471:Mission name="EstmFg" content="fIwUztTgNSdKlXNdeVVdDwKVZHDsSqlDVtoQxEIYocnmPhJlFFQaYzVyhHg"/>
  <ieee1471:Stakeholder name="RfRxIMW" content="gSWfjiJLIwFyIbmCVFoyoVE"/>
  <ieee1471:Concern name="XTyudupynNUbxVUuOk" content="dYCnZGkMbFGiHysjgitmbFpOvQhzZtSkWQtfhGAvcaHJGhPvzJR"/>
  <ieee1471:Architecture name="bgucuqlrniw" content="HbDvSPjMFOydwLsHWhZeVaUqfJxzLImddcZpVFkBJwBazTovkWvqNIXXiBMdqILfu"/>
  <ieee1471:Viewpoint name="HJbzyamQpw" content="ChvNXWTehkerwWTkTHwDCcugNMXJgyCopyGiDFIaUGSRDaBzcV"/>
  <ieee1471:System name="PNgWHt" content="KbaiLLzsVhydLFaWROEfRFIKoeKZYEenIIAfZugv"/>
  <ieee1471:Mission name="DdeTiErBMBjcnyLoz" content="dawzymQXMyFfEVmfzocSxsntuHlAFhfo"/>
  <ieee1471:Stakeholder name="TxiaDRXD" content="ihDHHwsPNXalmmrNlDeQwLWcDeBwPfPQKqslomguYNzXpUeRreAKTPOeIvCRKkrqbMlftLxBjoGMhKVuXMQVKAEJEMlQlUQ"/>
  <ieee1471:Concern name="aiFlYZmxV" content="WihKXJzuRUprMXSWsEaIOepuEgiZBbqHGVMakbLHpmaLHISKNyeAplKvdSahjGthzNEiOwCFULnCXuTfWMdGqJK"/>
  <ieee1471:Architecture name="MjLtAGTmziIvCx" content="zvaHwNEdGrSwneVlxcQfmQxRzwdslZLBCsducGRfvgdyDcaaESQBjCrdAGncwlbvFVfLzXVrJghKiwkKGLV"/>
  <ieee1471:Viewpoint name="jdfkBDzziativM" content="aQEZHODMEXlTnAGPDFYExzXsPeFfQnQaQfKIX"/>
  <ieee1471:System name="ucgYwJrdlSOBD" content="mnQaVPyWKarAYVAXGXcMKYyEdjBlklsRknKBdJHAcIoxdrLgMdpRkQOvIVR"/>
  <ieee1471:Mission name="reSftTltlNhtvqfJX" content="yIqFahnIRRCAwPLKEhalGbUCeSqhTuetNoGzoEnuMEdpKhkHidXhpTViytgbrWlOLIRAjJcfFyIKKu"/>
  <ieee1471:Stakeholder name="jPkNlCkdPOfjokaLc" content="mjpNPzByfzVHChpTWGWQUYatecQtTCsYIDVgG"/>
  <ieee1471:Concern name="paAai" content="BieOezWYtABftPahWRIIrVBWGyxkiaozrCzirFVjnUQQlLYNdUFOjrb"/>
  <ieee1471:Architecture name="jFIcgyuBUKAShIRBYmup" content="DJRJdNgBjdpKcDhDOLquMxBUPjjso"/>
  <ieee1471:Viewpoint name="dbOBpNQAiHh" content="QvLkDmItwLmklUgGJrFUETJzUWqCprEO"/>
</ieee1471:IEEE1471Model>
