<?xml version='1.0' encoding='UTF-8'?>
<table:Table xmlns:xmi="http://www.omg.org/XMI" xmlns:table="http://table">
  <table:Table>
    <table:Row>
      <table:Cell content="7lTUFh8f3aQSLTuT"/>
      <table:Cell content="4HGaCisWcpFcEBLQ"/>
      <table:Cell content="1be6k7Qo9RIqs2hRN"/>
      <table:Cell content="Wz2Xktw"/>
      <table:Cell content="OFsWVJEw"/>
      <table:Cell content="8QOfGBH7RccWvvTGSe"/>
      <table:Cell content="ZX7jPmILMAACOe4l6q"/>
      <table:Cell content="dxzdF7Q2raZ"/>
      <table:Cell content="d4xzfygPW7sF"/>
      <table:Cell content="asH8KUxjpm5b"/>
      <table:Cell content="wsyDKASWT"/>
      <table:Cell content="20s8IVuPvS1KS04Xx9"/>
      <table:Cell content="ZDw6qMHdciL"/>
      <table:Cell content="wISS07"/>
      <table:Cell content="Pg1M0xAX9WpjAb2aE"/>
      <table:Cell content="yKhmpPpALD5WqM5WB"/>
      <table:Cell content="pSjL6sklnq1wdgA1J9Pe"/>
      <table:Cell content="D4BHeo4aqi1vYdwYW"/>
      <table:Cell content="BXqSy3N7T9jFSshfi0"/>
      <table:Cell content="gdrPrKqfUGcuVfasiMhe"/>
      <table:Cell content="9JV37FXS7YcaW"/>
      <table:Cell content="TebrL"/>
      <table:Cell content="RKehtS77pC"/>
      <table:Cell content="vEt28VVx6"/>
      <table:Cell content="3PIx5knoITa4"/>
      <table:Cell content="PXlZjkkG"/>
      <table:Cell content="26JvoIskHYHSdskpM8i"/>
      <table:Cell content="FwbhLLz"/>
      <table:Cell content="635ZK8tidiR6"/>
      <table:Cell content="GJUcQ"/>
      <table:Cell content="vuLlIky3u"/>
      <table:Cell content="z5yGfN1WqSTz"/>
      <table:Cell content="LC8kQzTh"/>
      <table:Cell content="e9AXQEv0pprsQHK"/>
      <table:Cell content="c29GgakiSOC72Fe7hyMh"/>
      <table:Cell content="t5Y7a5olQXbOrVsnu"/>
      <table:Cell content="R0XAiG4BI7C"/>
      <table:Cell content="7JJkO1"/>
      <table:Cell content="bGMS72Wkk2IF"/>
      <table:Cell content="P45wZT"/>
      <table:Cell content="hkFvJ8Zo"/>
      <table:Cell content="61TmCvR4cBSSQ"/>
      <table:Cell content="Je0r7ROhQHPYop81hG6"/>
      <table:Cell content="kX3SqHlm1Z1uv"/>
      <table:Cell content="vvwpBP4LXuB84SJGsvb"/>
      <table:Cell content="Lf1wgvP1N7dE53oVG5vG"/>
      <table:Cell content="SDJIdDy"/>
      <table:Cell content="lPohaDVEw3"/>
      <table:Cell content="OksjwBwS2W355"/>
      <table:Cell content="klnRVoQte"/>
    </table:Row>
    <table:Row>
      <table:Cell content="Cn0d2f"/>
      <table:Cell content="FYP4M1VN1fU8OTxdh"/>
      <table:Cell content="4SS14A5Q"/>
      <table:Cell content="NLIqLJUCT"/>
      <table:Cell content="fB5PtSJgLHO7dQdsgb"/>
      <table:Cell content="vXKfewPcF6ALctSjPQ8"/>
      <table:Cell content="6dtK4VNBOwEZpPNZ8"/>
      <table:Cell content="WzSPXVjCFJFpYA1"/>
      <table:Cell content="EIK49Z9vKL8bL"/>
      <table:Cell content="sN8Omt"/>
      <table:Cell content="otrPCdju4bC8erZSj"/>
      <table:Cell content="bP2su24fB1L"/>
      <table:Cell content="cicFfUzlMNfUlrC7z"/>
      <table:Cell content="3cXWd859WA5QVvgFk"/>
      <table:Cell content="E3wZlnS1yl97"/>
      <table:Cell content="bqL1wxJFfJg"/>
      <table:Cell content="lwIeV1lnMJbDRPxNlP4S"/>
      <table:Cell content="1dhIREAfJr"/>
      <table:Cell content="CnUYWpCMx04E"/>
      <table:Cell content="9YRH09e6bJJyNXId"/>
      <table:Cell content="ji3QR1UKpecEtfsr5"/>
      <table:Cell content="qJdQC"/>
      <table:Cell content="hRjXYDHZSDtMqcix0r"/>
      <table:Cell content="7nKnr2YAu8xtlT3"/>
      <table:Cell content="8n9UNoPCWIIv"/>
      <table:Cell content="hjkzDGcj3i"/>
      <table:Cell content="mSXPUCbYNydXce5vY5A"/>
      <table:Cell content="neJA6pn9no"/>
      <table:Cell content="HgoxuUeQaxVU"/>
      <table:Cell content="gVjy8HRqZ4F6RTqk"/>
      <table:Cell content="qsmerou"/>
      <table:Cell content="YV2dYRuO4"/>
      <table:Cell content="BhZQ4ZF"/>
      <table:Cell content="Lv83q"/>
      <table:Cell content="7rWqZPNcH"/>
      <table:Cell content="hS2GfVUEBemy8enmqhuO"/>
      <table:Cell content="J7lRC"/>
      <table:Cell content="GrgVpJD9DlfjwEQHUFG"/>
      <table:Cell content="QhQQnVYsZ4BT"/>
      <table:Cell content="ipAN6pLiSd"/>
      <table:Cell content="C72XBy8Cwv8vYfMlfc"/>
      <table:Cell content="lcblPtl42mUl0yfT"/>
      <table:Cell content="AF6RlZIC2fdBUH1"/>
      <table:Cell content="f53uaKKyrylY"/>
      <table:Cell content="d5F93Em0GykcZFG1wD"/>
      <table:Cell content="xqFP33"/>
      <table:Cell content="5oL46AIjLhQU5W"/>
      <table:Cell content="BoAo8uR"/>
      <table:Cell content="tqfR6pDeH0"/>
      <table:Cell content="mZ7QT0lV00w38VlBR8Y"/>
    </table:Row>
    <table:Row>
      <table:Cell content="jnAU02QcsR"/>
      <table:Cell content="xaZPYhUYVVnhvycXEvQv"/>
      <table:Cell content="Cb6kiVbeZ"/>
      <table:Cell content="4EklA"/>
      <table:Cell content="JxaADy69fBtnFwVZGDS"/>
      <table:Cell content="tGFjQ0dyknNq"/>
      <table:Cell content="nlZWtenqGFCxAneO9"/>
      <table:Cell content="yhC4R8ldVOcUFHjPL"/>
      <table:Cell content="ERRXGTCFBgBQo0xwlg"/>
      <table:Cell content="VVsezDW"/>
      <table:Cell content="cLmo0N124zN"/>
      <table:Cell content="JOja7T4JLpO1GAXh9Sk0"/>
      <table:Cell content="iHC25syU6VjCwK"/>
      <table:Cell content="2ezS36odnrU"/>
      <table:Cell content="EZFch"/>
      <table:Cell content="UGkWJ7upfDEPmQ0P"/>
      <table:Cell content="Nh9qCXhRahuk"/>
      <table:Cell content="BLYQkUnIc6k3gV"/>
      <table:Cell content="rf5aM5Zv8jzuAa6AN"/>
      <table:Cell content="OgS6z5JTRAHam0bsJefR"/>
      <table:Cell content="WGmPXFaChA7d8JXkd"/>
      <table:Cell content="KTCeuh3v"/>
      <table:Cell content="17WMO0hYTzmkLKgE"/>
      <table:Cell content="hFMU1xPMc8"/>
      <table:Cell content="Q9KygtwNDbLrR2kE"/>
      <table:Cell content="Izf9hGat9ml"/>
      <table:Cell content="1z9XXQq2VKQBNQDsf8AV"/>
      <table:Cell content="0poZ35pb3S2H70wPep"/>
      <table:Cell content="43nhUIa"/>
      <table:Cell content="6QGjw"/>
      <table:Cell content="dex2X4jEi13t4yJGqinf"/>
      <table:Cell content="ai63H6QdxNTcroltYJXj"/>
      <table:Cell content="5xYg4bxfsW6fu"/>
      <table:Cell content="2vTGOwiUqn"/>
      <table:Cell content="mHEJhoFgzBP"/>
      <table:Cell content="hSr5BIC82J5BWhJb"/>
      <table:Cell content="DxuMJNHa4K2r"/>
      <table:Cell content="7iFMtFNyKbp"/>
      <table:Cell content="P8oO1I"/>
      <table:Cell content="tijJCYiPGZqNXy"/>
      <table:Cell content="nOkmng"/>
      <table:Cell content="OVZLVovIf"/>
      <table:Cell content="5TaC9"/>
      <table:Cell content="FTGjFjqtR2"/>
      <table:Cell content="ZAMQgzbGf"/>
      <table:Cell content="PqPod2B1"/>
      <table:Cell content="uXLgQx607h6PZl1"/>
      <table:Cell content="hvybODNKaNUzU"/>
      <table:Cell content="QJGpuo"/>
      <table:Cell content="FVQdyecNK3DipOXg"/>
    </table:Row>
    <table:Row>
      <table:Cell content="Ly7H2ilF9tdPQFb"/>
      <table:Cell content="jaXtH"/>
      <table:Cell content="Grr18G"/>
      <table:Cell content="SMyCrhBYWiNzQ5z1"/>
      <table:Cell content="EuzccxUHt"/>
      <table:Cell content="3vMCuUcah"/>
      <table:Cell content="gB3Ou"/>
      <table:Cell content="7t2TKrCbK57Q"/>
      <table:Cell content="wmtw3jN"/>
      <table:Cell content="DaKFm1vA1Sb"/>
      <table:Cell content="0GfIqh9YMpuGgIyDyU0"/>
      <table:Cell content="fXGEJ76MgLxlaT"/>
      <table:Cell content="TGm1jehU"/>
      <table:Cell content="RWCjUXWB"/>
      <table:Cell content="QKFE7cLxqM4"/>
      <table:Cell content="6UkcKUlSQfxuVgw"/>
      <table:Cell content="xDo1RJQaPfISTh0ORRo"/>
      <table:Cell content="Xba5I613Px6"/>
      <table:Cell content="wFCn7d"/>
      <table:Cell content="1oSdL5qLGDv7OE"/>
      <table:Cell content="vCUEDg2bw3h3"/>
      <table:Cell content="96KxSK9NPIEwyz0botk"/>
      <table:Cell content="3Crp9kh"/>
      <table:Cell content="hTMYwSYZRD0r6Zo7l"/>
      <table:Cell content="ScuzA"/>
      <table:Cell content="Pth6JO3Tl03XwJNo"/>
      <table:Cell content="Fgu4vycqNwKx"/>
      <table:Cell content="DfiaXbCNR"/>
      <table:Cell content="ouZgy5oTlKtzGEA"/>
      <table:Cell content="FsXrJX5LdFMlXmspC6a"/>
      <table:Cell content="NW10dI7CQee"/>
      <table:Cell content="uq9Fff3btpqu"/>
      <table:Cell content="YU1qIe7HhQ6PMtp"/>
      <table:Cell content="HrTuDMjtUrozRSDlO7"/>
      <table:Cell content="hfYGJfV2gGXfoyW"/>
      <table:Cell content="lytm6ManqM0UwUCS"/>
      <table:Cell content="TjSNGnOHnU0"/>
      <table:Cell content="ARvoWN"/>
      <table:Cell content="TOSNiir1KlxhMIOD"/>
      <table:Cell content="FJVqpvTL1FBz"/>
      <table:Cell content="ULnQiPuHC"/>
      <table:Cell content="kZw7rLBhun"/>
      <table:Cell content="y6BedpyOvbk11"/>
      <table:Cell content="NIILoDlOQhnU5ZQwPJlQ"/>
      <table:Cell content="72rhumX"/>
      <table:Cell content="a3dq4OujsOymx"/>
      <table:Cell content="MgzbHk62mk4"/>
      <table:Cell content="i1FZd"/>
      <table:Cell content="dwsyPS"/>
      <table:Cell content="O64qRzsKg5"/>
    </table:Row>
    <table:Row>
      <table:Cell content="3eUaeFV"/>
      <table:Cell content="BcZ86"/>
      <table:Cell content="vTmyHJgWHuxaN"/>
      <table:Cell content="FiCVk2a"/>
      <table:Cell content="gldBscA4I"/>
      <table:Cell content="umF5gARBfk"/>
      <table:Cell content="1CIZ9erp9"/>
      <table:Cell content="AdYjgqpRNiAQ"/>
      <table:Cell content="5M8KRv"/>
      <table:Cell content="cazOF"/>
      <table:Cell content="hkeGlT6KciL9"/>
      <table:Cell content="TCPTPuNMO42289zh"/>
      <table:Cell content="yLFPab5TYNMaqj2TaWGi"/>
      <table:Cell content="cN7Ay5YY6vE"/>
      <table:Cell content="t33NrSaP7MZu"/>
      <table:Cell content="aHMwo8v"/>
      <table:Cell content="1Y8KnoigBg0w8"/>
      <table:Cell content="OZ1Rw1o5WfPn7AAAl"/>
      <table:Cell content="lB0FHO"/>
      <table:Cell content="NpqUWSfOTVWhww"/>
      <table:Cell content="UHWgoeNwHx"/>
      <table:Cell content="qT089BcB0PbINA"/>
      <table:Cell content="2gyvoBSXOUjA"/>
      <table:Cell content="VPO833XooRqD2C0"/>
      <table:Cell content="MpgO8Ua3vblvexDZW9A"/>
      <table:Cell content="JwOFF1BCnx"/>
      <table:Cell content="lNKhRbhxEYqXtL"/>
      <table:Cell content="cI68kGNCFA45i"/>
      <table:Cell content="ZHlYyPJ"/>
      <table:Cell content="9V85TnTGNhS06Y7"/>
      <table:Cell content="qnh76ZkBA"/>
      <table:Cell content="ZkfbVI6CQV5GN"/>
      <table:Cell content="rdzP8HE7oz"/>
      <table:Cell content="D3sr3acKHUQLun"/>
      <table:Cell content="DzINpoNYZ"/>
      <table:Cell content="YjAvjeBuJFq7G3Wi"/>
      <table:Cell content="zjOAu4"/>
      <table:Cell content="X5mcEd9VN3Q"/>
      <table:Cell content="avS8eZ"/>
      <table:Cell content="7oW6BZRfCKycty"/>
      <table:Cell content="C1JJV1HNHjUqCWaQ9"/>
      <table:Cell content="asS2Pf7aMdgXHwy4s3g"/>
      <table:Cell content="7PlwCh02dicpIJKD5K"/>
      <table:Cell content="wcvkRD"/>
      <table:Cell content="VOLB99sF7L6rLd5"/>
      <table:Cell content="c05uIsbvHRBP"/>
      <table:Cell content="jT8wu8y3BJMw2"/>
      <table:Cell content="iwW2tdN0DC"/>
      <table:Cell content="Y3QYmnsJpf"/>
      <table:Cell content="nnrgwQZkVTNRBuPszg6"/>
    </table:Row>
  </table:Table>
</table:Table>
