<mysql:DataBase xsi:schemaLocation="http://mysql" name="MutatedDB" xmlns:xmi="http://www.omg.org/XMI" xmlns:xsi="http://www.w3.org/2001/XMLSchema-instance" xmlns:mysql="http://mysql"><mysql:Table name="fnfwixbvoa"><mysql:Column name="rnnuqdabow" type="varchar" null="true" defaultValue="" comment="A mutated column" /><mysql:Column name="hlzhsg" type="varchar" null="true" defaultValue="" comment="A mutated column" /><mysql:Column name="pocrqhrfal" type="varchar" null="true" defaultValue="" comment="A mutated column" /><mysql:Column name="mbsyny" type="varchar" null="true" defaultValue="" comment="A mutated column" /><mysql:Column name="bedlq" type="varchar" null="true" defaultValue="" comment="A mutated column" /><mysql:Column name="wvthieomiq" type="varchar" null="true" defaultValue="" comment="A mutated column" /><mysql:Column name="sereema" type="varchar" null="true" defaultValue="" comment="A mutated column" /><mysql:Column name="auotnzar" type="varchar" null="true" defaultValue="" comment="A mutated column" /><mysql:Column name="ihagpx" type="varchar" null="true" defaultValue="" comment="A mutated column" /><mysql:Column name="tfvyu" type="varchar" null="true" defaultValue="" comment="A mutated column" /></mysql:Table><mysql:Table name="qbnwqmh"><mysql:Column name="varjfs" type="varchar" null="true" defaultValue="" comment="A mutated column" /><mysql:Column name="cvdtspz" type="varchar" null="true" defaultValue="" comment="A mutated column" /><mysql:Column name="eeznd" type="varchar" null="true" defaultValue="" comment="A mutated column" /><mysql:Column name="ufcocvyh" type="varchar" null="true" defaultValue="" comment="A mutated column" /><mysql:Column name="hfgyihhrhn" type="varchar" null="true" defaultValue="" comment="A mutated column" /><mysql:Column name="dhfodncc" type="varchar" null="true" defaultValue="" comment="A mutated column" /><mysql:Column name="ykhrvr" type="varchar" null="true" defaultValue="" comment="A mutated column" /><mysql:Column name="ynbixtqcdb" type="varchar" null="true" defaultValue="" comment="A mutated column" /><mysql:Column name="nuthm" type="varchar" null="true" defaultValue="" comment="A mutated column" /><mysql:Column name="ssqhjsuy" type="varchar" null="true" defaultValue="" comment="A mutated column" /></mysql:Table><mysql:Table name="xymmzrhqiw"><mysql:Column name="skznzdqh" type="varchar" null="true" defaultValue="" comment="A mutated column" /><mysql:Column name="tkbophp" type="varchar" null="true" defaultValue="" comment="A mutated column" /><mysql:Column name="bmcsj" type="varchar" null="true" defaultValue="" comment="A mutated column" /><mysql:Column name="ujosrs" type="varchar" null="true" defaultValue="" comment="A mutated column" /><mysql:Column name="pkwqzx" type="varchar" null="true" defaultValue="" comment="A mutated column" /><mysql:Column name="wolihswao" type="varchar" null="true" defaultValue="" comment="A mutated column" /><mysql:Column name="yqudcbzp" type="varchar" null="true" defaultValue="" comment="A mutated column" /><mysql:Column name="knrkikym" type="varchar" null="true" defaultValue="" comment="A mutated column" /><mysql:Column name="oguwigu" type="varchar" null="true" defaultValue="" comment="A mutated column" /><mysql:Column name="wjplat" type="varchar" null="true" defaultValue="" comment="A mutated column" /></mysql:Table><mysql:Table name="sxghvey"><mysql:Column name="qzlgyoueqc" type="varchar" null="true" defaultValue="" comment="A mutated column" /><mysql:Column name="tziul" type="varchar" null="true" defaultValue="" comment="A mutated column" /><mysql:Column name="lyhmmqvckr" type="varchar" null="true" defaultValue="" comment="A mutated column" /><mysql:Column name="mnoin" type="varchar" null="true" defaultValue="" comment="A mutated column" /><mysql:Column name="uapuotlnb" type="varchar" null="true" defaultValue="" comment="A mutated column" /><mysql:Column name="gctoduyepx" type="varchar" null="true" defaultValue="" comment="A mutated column" /><mysql:Column name="tjrexkmqkp" type="varchar" null="true" defaultValue="" comment="A mutated column" /><mysql:Column name="wdujkn" type="varchar" null="true" defaultValue="" comment="A mutated column" /><mysql:Column name="cmzsyuqqkr" type="varchar" null="true" defaultValue="" comment="A mutated column" /><mysql:Column name="icntsnedlq" type="varchar" null="true" defaultValue="" comment="A mutated column" /></mysql:Table><mysql:Table name="ncuoaiarrq"><mysql:Column name="cmhpiwnmuf" type="varchar" null="true" defaultValue="" comment="A mutated column" /><mysql:Column name="sqrgw" type="varchar" null="true" defaultValue="" comment="A mutated column" /><mysql:Column name="broqznz" type="varchar" null="true" defaultValue="" comment="A mutated column" /><mysql:Column name="lqeken" type="varchar" null="true" defaultValue="" comment="A mutated column" /><mysql:Column name="mgyfheqehw" type="varchar" null="true" defaultValue="" comment="A mutated column" /><mysql:Column name="ygduwm" type="varchar" null="true" defaultValue="" comment="A mutated column" /><mysql:Column name="jkxhk" type="varchar" null="true" defaultValue="" comment="A mutated column" /><mysql:Column name="mwain" type="varchar" null="true" defaultValue="" comment="A mutated column" /><mysql:Column name="ipyftz" type="varchar" null="true" defaultValue="" comment="A mutated column" /><mysql:Column name="btdenpuc" type="varchar" null="true" defaultValue="" comment="A mutated column" /></mysql:Table><mysql:Table name="lmuvsnsa"><mysql:Column name="sgniinop" type="varchar" null="true" defaultValue="" comment="A mutated column" /><mysql:Column name="azpptgdqd" type="varchar" null="true" defaultValue="" comment="A mutated column" /><mysql:Column name="oysmykdjf" type="varchar" null="true" defaultValue="" comment="A mutated column" /><mysql:Column name="inbow" type="varchar" null="true" defaultValue="" comment="A mutated column" /><mysql:Column name="ibjprd" type="varchar" null="true" defaultValue="" comment="A mutated column" /><mysql:Column name="mpxotxwni" type="varchar" null="true" defaultValue="" comment="A mutated column" /><mysql:Column name="szudaoy" type="varchar" null="true" defaultValue="" comment="A mutated column" /><mysql:Column name="tzrlwod" type="varchar" null="true" defaultValue="" comment="A mutated column" /><mysql:Column name="qshhelyb" type="varchar" null="true" defaultValue="" comment="A mutated column" /><mysql:Column name="mzxzzwmioz" type="varchar" null="true" defaultValue="" comment="A mutated column" /></mysql:Table><mysql:Table name="ydnaa"><mysql:Column name="heihwuk" type="varchar" null="true" defaultValue="" comment="A mutated column" /><mysql:Column name="avlsgdcgc" type="varchar" null="true" defaultValue="" comment="A mutated column" /><mysql:Column name="zssjnx" type="varchar" null="true" defaultValue="" comment="A mutated column" /><mysql:Column name="sctxruvxo" type="varchar" null="true" defaultValue="" comment="A mutated column" /><mysql:Column name="rejauywv" type="varchar" null="true" defaultValue="" comment="A mutated column" /><mysql:Column name="jljql" type="varchar" null="true" defaultValue="" comment="A mutated column" /><mysql:Column name="eddrwvvq" type="varchar" null="true" defaultValue="" comment="A mutated column" /><mysql:Column name="jzxgr" type="varchar" null="true" defaultValue="" comment="A mutated column" /><mysql:Column name="qyxmmyynk" type="varchar" null="true" defaultValue="" comment="A mutated column" /><mysql:Column name="kuqgtb" type="varchar" null="true" defaultValue="" comment="A mutated column" /></mysql:Table><mysql:Table name="samnilah"><mysql:Column name="ayxvsirak" type="varchar" null="true" defaultValue="" comment="A mutated column" /><mysql:Column name="lgbrwo" type="varchar" null="true" defaultValue="" comment="A mutated column" /><mysql:Column name="hfptix" type="varchar" null="true" defaultValue="" comment="A mutated column" /><mysql:Column name="fczrslujgt" type="varchar" null="true" defaultValue="" comment="A mutated column" /><mysql:Column name="ofqwp" type="varchar" null="true" defaultValue="" comment="A mutated column" /><mysql:Column name="hpqae" type="varchar" null="true" defaultValue="" comment="A mutated column" /><mysql:Column name="eswoyfe" type="varchar" null="true" defaultValue="" comment="A mutated column" /><mysql:Column name="myezbnnvpq" type="varchar" null="true" defaultValue="" comment="A mutated column" /><mysql:Column name="hlxbm" type="varchar" null="true" defaultValue="" comment="A mutated column" /><mysql:Column name="ozedwuvm" type="varchar" null="true" defaultValue="" comment="A mutated column" /></mysql:Table><mysql:Table name="fvoymu"><mysql:Column name="wyjumdrkj" type="varchar" null="true" defaultValue="" comment="A mutated column" /><mysql:Column name="mwumisbd" type="varchar" null="true" defaultValue="" comment="A mutated column" /><mysql:Column name="icormjjo" type="varchar" null="true" defaultValue="" comment="A mutated column" /><mysql:Column name="xyfpzynua" type="varchar" null="true" defaultValue="" comment="A mutated column" /><mysql:Column name="ezrybzf" type="varchar" null="true" defaultValue="" comment="A mutated column" /><mysql:Column name="mpvlcem" type="varchar" null="true" defaultValue="" comment="A mutated column" /><mysql:Column name="smkjjq" type="varchar" null="true" defaultValue="" comment="A mutated column" /><mysql:Column name="oswon" type="varchar" null="true" defaultValue="" comment="A mutated column" /><mysql:Column name="bbibsb" type="varchar" null="true" defaultValue="" comment="A mutated column" /><mysql:Column name="uacwtkuod" type="varchar" null="true" defaultValue="" comment="A mutated column" /></mysql:Table><mysql:Table name="aydhm"><mysql:Column name="egyhrhydp" type="varchar" null="true" defaultValue="" comment="A mutated column" /><mysql:Column name="gjpgn" type="varchar" null="true" defaultValue="" comment="A mutated column" /><mysql:Column name="eiepolk" type="varchar" null="true" defaultValue="" comment="A mutated column" /><mysql:Column name="pnuhmapv" type="varchar" null="true" defaultValue="" comment="A mutated column" /><mysql:Column name="sxkvrzwb" type="varchar" null="true" defaultValue="" comment="A mutated column" /><mysql:Column name="joammagbba" type="varchar" null="true" defaultValue="" comment="A mutated column" /><mysql:Column name="wfbssm" type="varchar" null="true" defaultValue="" comment="A mutated column" /><mysql:Column name="uchai" type="varchar" null="true" defaultValue="" comment="A mutated column" /><mysql:Column name="gyyhshjfng" type="varchar" null="true" defaultValue="" comment="A mutated column" /><mysql:Column name="pzyycwez" type="varchar" null="true" defaultValue="" comment="A mutated column" /></mysql:Table><mysql:Table name="veogjfvxdd"><mysql:Column name="mcwot" type="varchar" null="true" defaultValue="" comment="A mutated column" /><mysql:Column name="rojlquu" type="varchar" null="true" defaultValue="" comment="A mutated column" /><mysql:Column name="quvhac" type="varchar" null="true" defaultValue="" comment="A mutated column" /><mysql:Column name="mxzcej" type="varchar" null="true" defaultValue="" comment="A mutated column" /><mysql:Column name="lmraekyhc" type="varchar" null="true" defaultValue="" comment="A mutated column" /><mysql:Column name="cebnvot" type="varchar" null="true" defaultValue="" comment="A mutated column" /><mysql:Column name="nfnje" type="varchar" null="true" defaultValue="" comment="A mutated column" /><mysql:Column name="yhwgcz" type="varchar" null="true" defaultValue="" comment="A mutated column" /><mysql:Column name="hnmdxnzxl" type="varchar" null="true" defaultValue="" comment="A mutated column" /><mysql:Column name="yfbxfmka" type="varchar" null="true" defaultValue="" comment="A mutated column" /></mysql:Table><mysql:Table name="otfcpjvqbw"><mysql:Column name="ryahp" type="varchar" null="true" defaultValue="" comment="A mutated column" /><mysql:Column name="cxsultwnp" type="varchar" null="true" defaultValue="" comment="A mutated column" /><mysql:Column name="fsqtwrqm" type="varchar" null="true" defaultValue="" comment="A mutated column" /><mysql:Column name="dzonqblw" type="varchar" null="true" defaultValue="" comment="A mutated column" /><mysql:Column name="swyxviiut" type="varchar" null="true" defaultValue="" comment="A mutated column" /><mysql:Column name="oretlez" type="varchar" null="true" defaultValue="" comment="A mutated column" /><mysql:Column name="udfpp" type="varchar" null="true" defaultValue="" comment="A mutated column" /><mysql:Column name="qdcsswkp" type="varchar" null="true" defaultValue="" comment="A mutated column" /><mysql:Column name="ybvnk" type="varchar" null="true" defaultValue="" comment="A mutated column" /><mysql:Column name="fextvzxgc" type="varchar" null="true" defaultValue="" comment="A mutated column" /></mysql:Table><mysql:Table name="hhtpomzj"><mysql:Column name="hsbcna" type="varchar" null="true" defaultValue="" comment="A mutated column" /><mysql:Column name="xeqio" type="varchar" null="true" defaultValue="" comment="A mutated column" /><mysql:Column name="mbmiznl" type="varchar" null="true" defaultValue="" comment="A mutated column" /><mysql:Column name="shgxrqwm" type="varchar" null="true" defaultValue="" comment="A mutated column" /><mysql:Column name="ikeimwhro" type="varchar" null="true" defaultValue="" comment="A mutated column" /><mysql:Column name="nzhapwm" type="varchar" null="true" defaultValue="" comment="A mutated column" /><mysql:Column name="qmizsueqk" type="varchar" null="true" defaultValue="" comment="A mutated column" /><mysql:Column name="nrgjla" type="varchar" null="true" defaultValue="" comment="A mutated column" /><mysql:Column name="oognalxjnb" type="varchar" null="true" defaultValue="" comment="A mutated column" /><mysql:Column name="duojhkj" type="varchar" null="true" defaultValue="" comment="A mutated column" /></mysql:Table><mysql:Table name="vopdns"><mysql:Column name="gvbqhm" type="varchar" null="true" defaultValue="" comment="A mutated column" /><mysql:Column name="iumkq" type="varchar" null="true" defaultValue="" comment="A mutated column" /><mysql:Column name="fgfljlfy" type="varchar" null="true" defaultValue="" comment="A mutated column" /><mysql:Column name="idaoy" type="varchar" null="true" defaultValue="" comment="A mutated column" /><mysql:Column name="nbgqpgh" type="varchar" null="true" defaultValue="" comment="A mutated column" /><mysql:Column name="ewdbcy" type="varchar" null="true" defaultValue="" comment="A mutated column" /><mysql:Column name="omxlcuq" type="varchar" null="true" defaultValue="" comment="A mutated column" /><mysql:Column name="khnalgc" type="varchar" null="true" defaultValue="" comment="A mutated column" /><mysql:Column name="mroudwqunx" type="varchar" null="true" defaultValue="" comment="A mutated column" /><mysql:Column name="pzojqkvp" type="varchar" null="true" defaultValue="" comment="A mutated column" /></mysql:Table><mysql:Table name="gotiuysint"><mysql:Column name="kwsghnk" type="varchar" null="true" defaultValue="" comment="A mutated column" /><mysql:Column name="fnwdgwxsl" type="varchar" null="true" defaultValue="" comment="A mutated column" /><mysql:Column name="isxnhxbfhc" type="varchar" null="true" defaultValue="" comment="A mutated column" /><mysql:Column name="nayzyadat" type="varchar" null="true" defaultValue="" comment="A mutated column" /><mysql:Column name="izytrht" type="varchar" null="true" defaultValue="" comment="A mutated column" /><mysql:Column name="lwdft" type="varchar" null="true" defaultValue="" comment="A mutated column" /><mysql:Column name="lcays" type="varchar" null="true" defaultValue="" comment="A mutated column" /><mysql:Column name="tvyrvti" type="varchar" null="true" defaultValue="" comment="A mutated column" /><mysql:Column name="habzz" type="varchar" null="true" defaultValue="" comment="A mutated column" /><mysql:Column name="alcjop" type="varchar" null="true" defaultValue="" comment="A mutated column" /></mysql:Table><mysql:Table name="hevumxtz"><mysql:Column name="wlyztqtl" type="varchar" null="true" defaultValue="" comment="A mutated column" /><mysql:Column name="todhzaj" type="varchar" null="true" defaultValue="" comment="A mutated column" /><mysql:Column name="bpcig" type="varchar" null="true" defaultValue="" comment="A mutated column" /><mysql:Column name="ktyeo" type="varchar" null="true" defaultValue="" comment="A mutated column" /><mysql:Column name="yfumv" type="varchar" null="true" defaultValue="" comment="A mutated column" /><mysql:Column name="xeaypent" type="varchar" null="true" defaultValue="" comment="A mutated column" /><mysql:Column name="qzcxvljp" type="varchar" null="true" defaultValue="" comment="A mutated column" /><mysql:Column name="muzwpd" type="varchar" null="true" defaultValue="" comment="A mutated column" /><mysql:Column name="ebvtdy" type="varchar" null="true" defaultValue="" comment="A mutated column" /><mysql:Column name="zyghccu" type="varchar" null="true" defaultValue="" comment="A mutated column" /></mysql:Table><mysql:Table name="uziwtp"><mysql:Column name="ussgdybtj" type="varchar" null="true" defaultValue="" comment="A mutated column" /><mysql:Column name="ggqxiy" type="varchar" null="true" defaultValue="" comment="A mutated column" /><mysql:Column name="nfjmjaqem" type="varchar" null="true" defaultValue="" comment="A mutated column" /><mysql:Column name="cdhmab" type="varchar" null="true" defaultValue="" comment="A mutated column" /><mysql:Column name="vdpkx" type="varchar" null="true" defaultValue="" comment="A mutated column" /><mysql:Column name="uaqmnsg" type="varchar" null="true" defaultValue="" comment="A mutated column" /><mysql:Column name="xqmapqcve" type="varchar" null="true" defaultValue="" comment="A mutated column" /><mysql:Column name="zraniagk" type="varchar" null="true" defaultValue="" comment="A mutated column" /><mysql:Column name="fmsnqopp" type="varchar" null="true" defaultValue="" comment="A mutated column" /><mysql:Column name="qakcfozu" type="varchar" null="true" defaultValue="" comment="A mutated column" /></mysql:Table><mysql:Table name="imjnphiri"><mysql:Column name="cjjyhja" type="varchar" null="true" defaultValue="" comment="A mutated column" /><mysql:Column name="akphp" type="varchar" null="true" defaultValue="" comment="A mutated column" /><mysql:Column name="weypx" type="varchar" null="true" defaultValue="" comment="A mutated column" /><mysql:Column name="lgilwu" type="varchar" null="true" defaultValue="" comment="A mutated column" /><mysql:Column name="upfxgl" type="varchar" null="true" defaultValue="" comment="A mutated column" /><mysql:Column name="xrzuvrn" type="varchar" null="true" defaultValue="" comment="A mutated column" /><mysql:Column name="avczyuhzu" type="varchar" null="true" defaultValue="" comment="A mutated column" /><mysql:Column name="ruqvdacy" type="varchar" null="true" defaultValue="" comment="A mutated column" /><mysql:Column name="fhfcko" type="varchar" null="true" defaultValue="" comment="A mutated column" /><mysql:Column name="jnebtis" type="varchar" null="true" defaultValue="" comment="A mutated column" /></mysql:Table><mysql:Table name="hizoemc"><mysql:Column name="wekozrgq" type="varchar" null="true" defaultValue="" comment="A mutated column" /><mysql:Column name="rwsnu" type="varchar" null="true" defaultValue="" comment="A mutated column" /><mysql:Column name="nlafluwif" type="varchar" null="true" defaultValue="" comment="A mutated column" /><mysql:Column name="zvfovpca" type="varchar" null="true" defaultValue="" comment="A mutated column" /><mysql:Column name="brhnelxxm" type="varchar" null="true" defaultValue="" comment="A mutated column" /><mysql:Column name="jjktry" type="varchar" null="true" defaultValue="" comment="A mutated column" /><mysql:Column name="fqgkns" type="varchar" null="true" defaultValue="" comment="A mutated column" /><mysql:Column name="ccdrton" type="varchar" null="true" defaultValue="" comment="A mutated column" /><mysql:Column name="rsucmlwf" type="varchar" null="true" defaultValue="" comment="A mutated column" /><mysql:Column name="ajsmez" type="varchar" null="true" defaultValue="" comment="A mutated column" /></mysql:Table><mysql:Table name="vftzme"><mysql:Column name="htheexmho" type="varchar" null="true" defaultValue="" comment="A mutated column" /><mysql:Column name="lderfj" type="varchar" null="true" defaultValue="" comment="A mutated column" /><mysql:Column name="rmxuiqj" type="varchar" null="true" defaultValue="" comment="A mutated column" /><mysql:Column name="kdzwzv" type="varchar" null="true" defaultValue="" comment="A mutated column" /><mysql:Column name="hezug" type="varchar" null="true" defaultValue="" comment="A mutated column" /><mysql:Column name="xpdwbilgtn" type="varchar" null="true" defaultValue="" comment="A mutated column" /><mysql:Column name="ayszbjx" type="varchar" null="true" defaultValue="" comment="A mutated column" /><mysql:Column name="nyuxftjbw" type="varchar" null="true" defaultValue="" comment="A mutated column" /><mysql:Column name="orokiocvwt" type="varchar" null="true" defaultValue="" comment="A mutated column" /><mysql:Column name="klcahhk" type="varchar" null="true" defaultValue="" comment="A mutated column" /></mysql:Table></mysql:DataBase>