<?xml version='1.0' encoding='UTF-8'?>
<mysql:DataBase xmlns:xmi="http://www.omg.org/XMI" xmlns:ecore="http://www.eclipse.org/emf/2002/Ecore" xmlns:mysql="http://mysql" name="MutatedDB">
  <mysql:Table name="QxBOdhj">
    <mysql:Column name="lteoupLnsWC" type="varchar" comment=""/>
    <mysql:Column name="PBLsECBKjciQDAwZmj" type="varchar" comment=""/>
    <mysql:Column name="gdhhUrx" type="varchar" comment=""/>
    <mysql:Column name="nqBbL" type="varchar" comment=""/>
    <mysql:Column name="vIAzZjqppAUWkfsaxdrY" type="varchar" comment=""/>
    <mysql:Column name="NefnuNGOLTHPPqfa" type="varchar" comment=""/>
    <mysql:Column name="ybtvhtwZsfHJrLfpraN" type="varchar" comment=""/>
    <mysql:Column name="oqbbM" type="varchar" comment=""/>
    <mysql:Column name="qsKCbMchgnXYz" type="varchar" comment=""/>
    <mysql:Column name="bWITzOizclBdHhNbmM" type="varchar" comment=""/>
  </mysql:Table>
  <mysql:Table name="PfQdeAxworNDay">
    <mysql:Column name="sDGjACDnY" type="varchar" comment=""/>
    <mysql:Column name="LVkOguGkTJNPTpVo" type="varchar" comment=""/>
    <mysql:Column name="dvjNFcchbbhCpuJPbtzN" type="varchar" comment=""/>
    <mysql:Column name="LVOdlWOQUFra" type="varchar" comment=""/>
    <mysql:Column name="PmkmHD" type="varchar" comment=""/>
    <mysql:Column name="HMURcbfuJEIdEMyz" type="varchar" comment=""/>
    <mysql:Column name="vMXWqbxlZ" type="varchar" comment=""/>
    <mysql:Column name="pvPCGDnmWfjqq" type="varchar" comment=""/>
    <mysql:Column name="xEMWybyWpKE" type="varchar" comment=""/>
    <mysql:Column name="svSLezDsZmNPLpF" type="varchar" comment=""/>
  </mysql:Table>
  <mysql:Table name="wkvhVcMm">
    <mysql:Column name="xFwZZ" type="varchar" comment=""/>
    <mysql:Column name="NqfYbqyODiqKSuiHoCeB" type="varchar" comment=""/>
    <mysql:Column name="eXfknBucOnrOjUDVq" type="varchar" comment=""/>
    <mysql:Column name="LCSlwrIbdgE" type="varchar" comment=""/>
    <mysql:Column name="FQWxsrNLhQtnaNNrNlT" type="varchar" comment=""/>
    <mysql:Column name="RfGRVcfk" type="varchar" comment=""/>
    <mysql:Column name="HqfdcIUOzncQEYTz" type="varchar" comment=""/>
    <mysql:Column name="gBZAm" type="varchar" comment=""/>
    <mysql:Column name="LmDLWxOfyKnoILmQFBVo" type="varchar" comment=""/>
    <mysql:Column name="xRInyBUeeftVL" type="varchar" comment=""/>
  </mysql:Table>
  <mysql:Table name="WEpdmgbu">
    <mysql:Column name="cvKdHlyQpfwsB" type="varchar" comment=""/>
    <mysql:Column name="EzLFLzsrSqAwCQgny" type="varchar" comment=""/>
    <mysql:Column name="ZIsYwOpA" type="varchar" comment=""/>
    <mysql:Column name="YeguzTcXwJsvRcK" type="varchar" comment=""/>
    <mysql:Column name="LjWse" type="varchar" comment=""/>
    <mysql:Column name="JpIBQNVfkSinE" type="varchar" comment=""/>
    <mysql:Column name="XAPiLW" type="varchar" comment=""/>
    <mysql:Column name="ICSzLJR" type="varchar" comment=""/>
    <mysql:Column name="EKpqYESUPP" type="varchar" comment=""/>
    <mysql:Column name="WVAWJhdW" type="varchar" comment=""/>
  </mysql:Table>
  <mysql:Table name="XkDZckPdGEPX">
    <mysql:Column name="hYMdDwOItQtzhKNELyk" type="varchar" comment=""/>
    <mysql:Column name="aWirDnHWJKFtDE" type="varchar" comment=""/>
    <mysql:Column name="zPYDDzMKS" type="varchar" comment=""/>
    <mysql:Column name="hGkONGhKPN" type="varchar" comment=""/>
    <mysql:Column name="IJfgPQbk" type="varchar" comment=""/>
    <mysql:Column name="zLPWe" type="varchar" comment=""/>
    <mysql:Column name="ixrJWZwjQqMGhPA" type="varchar" comment=""/>
    <mysql:Column name="RJMILf" type="varchar" comment=""/>
    <mysql:Column name="UKmcwqOWQxYF" type="varchar" comment=""/>
    <mysql:Column name="eyWkil" type="varchar" comment=""/>
  </mysql:Table>
  <mysql:Table name="cJHSTRmz">
    <mysql:Column name="EilZuMtRPF" type="varchar" comment=""/>
    <mysql:Column name="eVQzXrVjAzmFEomCkf" type="varchar" comment=""/>
    <mysql:Column name="mPQZNLj" type="varchar" comment=""/>
    <mysql:Column name="bAakcZTR" type="varchar" comment=""/>
    <mysql:Column name="JVfExVYnlEPbGA" type="varchar" comment=""/>
    <mysql:Column name="CiECGiUzJ" type="varchar" comment=""/>
    <mysql:Column name="STDQKAjWwWGqaRbfnu" type="varchar" comment=""/>
    <mysql:Column name="eQVbJrXeSBl" type="varchar" comment=""/>
    <mysql:Column name="ZqzBY" type="varchar" comment=""/>
    <mysql:Column name="shPzGQoDS" type="varchar" comment=""/>
  </mysql:Table>
  <mysql:Table name="GEAvNGHTILgdokS">
    <mysql:Column name="WExltYKQOuiwrWY" type="varchar" comment=""/>
    <mysql:Column name="YuBPztDE" type="varchar" comment=""/>
    <mysql:Column name="MVtjpd" type="varchar" comment=""/>
    <mysql:Column name="chKpoNLsJLhppnqDFngr" type="varchar" comment=""/>
    <mysql:Column name="RaOgj" type="varchar" comment=""/>
    <mysql:Column name="tOFSlApZaWwoj" type="varchar" comment=""/>
    <mysql:Column name="ebgEltAcsqiNm" type="varchar" comment=""/>
    <mysql:Column name="BdDeCFLOufaQUZE" type="varchar" comment=""/>
    <mysql:Column name="UoqowkKhnmyIQblkWUv" type="varchar" comment=""/>
    <mysql:Column name="YAmUZIADfVgxJAZf" type="varchar" comment=""/>
  </mysql:Table>
  <mysql:Table name="iEuzgARoyT">
    <mysql:Column name="QTbSVIOoyNzRR" type="varchar" comment=""/>
    <mysql:Column name="qPeLA" type="varchar" comment=""/>
    <mysql:Column name="jjNpxECREbtrZzSIsTj" type="varchar" comment=""/>
    <mysql:Column name="bOigFVUMjForfTBj" type="varchar" comment=""/>
    <mysql:Column name="jFJVGyGJivFzUqJK" type="varchar" comment=""/>
    <mysql:Column name="SoMOx" type="varchar" comment=""/>
    <mysql:Column name="ZIyEQxrvHqsZ" type="varchar" comment=""/>
    <mysql:Column name="naevstsAUIvHaR" type="varchar" comment=""/>
    <mysql:Column name="SQJkSnHFdRVHap" type="varchar" comment=""/>
    <mysql:Column name="UtWLNEQF" type="varchar" comment=""/>
  </mysql:Table>
  <mysql:Table name="lmZcnjpbKyfzvB">
    <mysql:Column name="HhddUGPExcoYby" type="varchar" comment=""/>
    <mysql:Column name="BciGfLzG" type="varchar" comment=""/>
    <mysql:Column name="UjxeIEIthMwnN" type="varchar" comment=""/>
    <mysql:Column name="lhrKJBzGXqrNOtj" type="varchar" comment=""/>
    <mysql:Column name="kGXcE" type="varchar" comment=""/>
    <mysql:Column name="kvugxcTB" type="varchar" comment=""/>
    <mysql:Column name="reoWxbJmWmdBVXc" type="varchar" comment=""/>
    <mysql:Column name="EJciwjeQmxMr" type="varchar" comment=""/>
    <mysql:Column name="GoGkqfClYFisY" type="varchar" comment=""/>
    <mysql:Column name="sMiWQXjZaDYaEV" type="varchar" comment=""/>
  </mysql:Table>
  <mysql:Table name="RxbZtQomdlY">
    <mysql:Column name="RhpFnreWGBFfDREVGZtT" type="varchar" comment=""/>
    <mysql:Column name="GtASFfPoRX" type="varchar" comment=""/>
    <mysql:Column name="puArmGkjAvtg" type="varchar" comment=""/>
    <mysql:Column name="oOMXDlWWCKDuREXob" type="varchar" comment=""/>
    <mysql:Column name="wzpDLUMIp" type="varchar" comment=""/>
    <mysql:Column name="QvRntzejheqjxdgaJ" type="varchar" comment=""/>
    <mysql:Column name="poSqdJv" type="varchar" comment=""/>
    <mysql:Column name="EbONEsogngu" type="varchar" comment=""/>
    <mysql:Column name="BUMIFMGGHjqtGnbKI" type="varchar" comment=""/>
    <mysql:Column name="aquGBLSyuOlUPfKEjn" type="varchar" comment=""/>
  </mysql:Table>
  <mysql:Table name="uzgdNBthecrsdylw">
    <mysql:Column name="asYctzZdzkoxC" type="varchar" comment=""/>
    <mysql:Column name="uouYgVZDs" type="varchar" comment=""/>
    <mysql:Column name="KSRbDHqQZqTH" type="varchar" comment=""/>
    <mysql:Column name="QbkKpVxI" type="varchar" comment=""/>
    <mysql:Column name="SdGaUrEaqJZLV" type="varchar" comment=""/>
    <mysql:Column name="dIKak" type="varchar" comment=""/>
    <mysql:Column name="IbMSlgH" type="varchar" comment=""/>
    <mysql:Column name="ywILqebIW" type="varchar" comment=""/>
    <mysql:Column name="NmCqTCYiQlJcHZhQo" type="varchar" comment=""/>
    <mysql:Column name="CgTYjbwmnkUzotUsj" type="varchar" comment=""/>
  </mysql:Table>
  <mysql:Table name="iehESzDcBXcXvdjhXuL">
    <mysql:Column name="GxIadFzthfkBfCDWF" type="varchar" comment=""/>
    <mysql:Column name="kqEDadYWWpwcDkfaKA" type="varchar" comment=""/>
    <mysql:Column name="nbVReUTjsKuDXwLOhzSS" type="varchar" comment=""/>
    <mysql:Column name="imwkusAbvwM" type="varchar" comment=""/>
    <mysql:Column name="TKCBwvxZiyFeLoc" type="varchar" comment=""/>
    <mysql:Column name="gjcbHceYulc" type="varchar" comment=""/>
    <mysql:Column name="GYokRoEFoezpeYS" type="varchar" comment=""/>
    <mysql:Column name="TILIdKkKKbaUhKzSUCx" type="varchar" comment=""/>
    <mysql:Column name="tejkjLPt" type="varchar" comment=""/>
    <mysql:Column name="btWeQLkqwVMkbNpWQTP" type="varchar" comment=""/>
  </mysql:Table>
  <mysql:Table name="wPOJeX">
    <mysql:Column name="kYBoVnfofVO" type="varchar" comment=""/>
    <mysql:Column name="PMOnV" type="varchar" comment=""/>
    <mysql:Column name="iScLZvevvRsCGlA" type="varchar" comment=""/>
    <mysql:Column name="EGkhCNHYxdY" type="varchar" comment=""/>
    <mysql:Column name="ekQvZtmaYyIqSKCidA" type="varchar" comment=""/>
    <mysql:Column name="WJSwhzbajwEGaig" type="varchar" comment=""/>
    <mysql:Column name="suyEPyqrIlaWDQVTPrQ" type="varchar" comment=""/>
    <mysql:Column name="bEztxdgXCCfnthTOvMS" type="varchar" comment=""/>
    <mysql:Column name="oloEnSYi" type="varchar" comment=""/>
    <mysql:Column name="OImWulGjOYRcC" type="varchar" comment=""/>
  </mysql:Table>
  <mysql:Table name="VlOHSKH">
    <mysql:Column name="QLxhTD" type="varchar" comment=""/>
    <mysql:Column name="PiFddOmF" type="varchar" comment=""/>
    <mysql:Column name="KUmRJBvpeUd" type="varchar" comment=""/>
    <mysql:Column name="WKtnGBdOBzchFBWcHqBr" type="varchar" comment=""/>
    <mysql:Column name="ZazExbLLhyhVKPs" type="varchar" comment=""/>
    <mysql:Column name="spExi" type="varchar" comment=""/>
    <mysql:Column name="KLsuc" type="varchar" comment=""/>
    <mysql:Column name="jWQSfRRFsiwjJTsCUKf" type="varchar" comment=""/>
    <mysql:Column name="TTXopcMYOGUwGEsmpEW" type="varchar" comment=""/>
    <mysql:Column name="qvZcsJ" type="varchar" comment=""/>
  </mysql:Table>
  <mysql:Table name="LoVpXEGfuHkEhRnbBaen">
    <mysql:Column name="OObxBAJLYEGPnIbGSwa" type="varchar" comment=""/>
    <mysql:Column name="MCOfInWlQwzN" type="varchar" comment=""/>
    <mysql:Column name="HVNoSkmExfi" type="varchar" comment=""/>
    <mysql:Column name="LoTLWkdkEAIFqYtkhWZC" type="varchar" comment=""/>
    <mysql:Column name="jsqICvBmuifvNfg" type="varchar" comment=""/>
    <mysql:Column name="NTwgSIiV" type="varchar" comment=""/>
    <mysql:Column name="ioCxVzbRtwFMLLOI" type="varchar" comment=""/>
    <mysql:Column name="sraDjnDmwptvLKJtG" type="varchar" comment=""/>
    <mysql:Column name="sJFMolTPV" type="varchar" comment=""/>
    <mysql:Column name="JHAsjfStWcbjXtZ" type="varchar" comment=""/>
  </mysql:Table>
  <mysql:Table name="tHrAgX">
    <mysql:Column name="XGPhlaJUvzjbVz" type="varchar" comment=""/>
    <mysql:Column name="EkKrKSamsjtZnXnm" type="varchar" comment=""/>
    <mysql:Column name="xLgHhhXMFwdyjBdhGq" type="varchar" comment=""/>
    <mysql:Column name="ZcGpuNufvaQIjTmhKYE" type="varchar" comment=""/>
    <mysql:Column name="cTTtxcf" type="varchar" comment=""/>
    <mysql:Column name="YdZagjuvRBvJWnsRYSD" type="varchar" comment=""/>
    <mysql:Column name="edCRsFkNZaEx" type="varchar" comment=""/>
    <mysql:Column name="YSvbMmxVgFpgtyOF" type="varchar" comment=""/>
    <mysql:Column name="hatgiglPvNEM" type="varchar" comment=""/>
    <mysql:Column name="vTykv" type="varchar" comment=""/>
  </mysql:Table>
  <mysql:Table name="lsFtBqJjqADV">
    <mysql:Column name="kzHYvowwd" type="varchar" comment=""/>
    <mysql:Column name="CyxUQlFSBptZTjQxJ" type="varchar" comment=""/>
    <mysql:Column name="IWoNjsIOOfHbWY" type="varchar" comment=""/>
    <mysql:Column name="tqkBGx" type="varchar" comment=""/>
    <mysql:Column name="TSBsOaKXvTu" type="varchar" comment=""/>
    <mysql:Column name="ZVlSlmbPfcnII" type="varchar" comment=""/>
    <mysql:Column name="TJKpmmdlssKgevHNGx" type="varchar" comment=""/>
    <mysql:Column name="aLLWmktTAntkveShnNQm" type="varchar" comment=""/>
    <mysql:Column name="yCmhkGP" type="varchar" comment=""/>
    <mysql:Column name="rBiCUyAIeczeNbBm" type="varchar" comment=""/>
  </mysql:Table>
  <mysql:Table name="uIPsYgeRhK">
    <mysql:Column name="ilIMkZbfYUraqtHCUIZ" type="varchar" comment=""/>
    <mysql:Column name="rMTmUPNcAEvzyMWvINRV" type="varchar" comment=""/>
    <mysql:Column name="gGwJSYwjQnMl" type="varchar" comment=""/>
    <mysql:Column name="ViKOANoUxF" type="varchar" comment=""/>
    <mysql:Column name="OBsGTVIVRXjbSYZHg" type="varchar" comment=""/>
    <mysql:Column name="NDkQLupNQUnSpY" type="varchar" comment=""/>
    <mysql:Column name="cmRkrhVlPPudEYTHX" type="varchar" comment=""/>
    <mysql:Column name="EZYZlnA" type="varchar" comment=""/>
    <mysql:Column name="DVCusMGS" type="varchar" comment=""/>
    <mysql:Column name="QpVrYnPkLxrExeiKF" type="varchar" comment=""/>
  </mysql:Table>
  <mysql:Table name="SQyMBLPBWngpfqWuU">
    <mysql:Column name="RSasYF" type="varchar" comment=""/>
    <mysql:Column name="YEJeCxNCyk" type="varchar" comment=""/>
    <mysql:Column name="YXGFoUnaMWGMHBnflmCJ" type="varchar" comment=""/>
    <mysql:Column name="SddeBuVLUgxi" type="varchar" comment=""/>
    <mysql:Column name="XgEuWsTd" type="varchar" comment=""/>
    <mysql:Column name="AUYwHxaFrGm" type="varchar" comment=""/>
    <mysql:Column name="SLnlflstVF" type="varchar" comment=""/>
    <mysql:Column name="OzYxFaoTFmxmqmYi" type="varchar" comment=""/>
    <mysql:Column name="gfygBmffOQJiAB" type="varchar" comment=""/>
    <mysql:Column name="ekcJOnAAaS" type="varchar" comment=""/>
  </mysql:Table>
  <mysql:Table name="sZcTJHWKJdjiovk">
    <mysql:Column name="mQJzQkEPF" type="varchar" comment=""/>
    <mysql:Column name="AkkkeKXtuXLOWMxw" type="varchar" comment=""/>
    <mysql:Column name="LhQGSCMcHQK" type="varchar" comment=""/>
    <mysql:Column name="WKSxQYDgRhpchFeK" type="varchar" comment=""/>
    <mysql:Column name="qoqRRpzne" type="varchar" comment=""/>
    <mysql:Column name="cKwWwobdPc" type="varchar" comment=""/>
    <mysql:Column name="JEenBEzvOEjhuy" type="varchar" comment=""/>
    <mysql:Column name="bCfXisojcFMMtRrlmopq" type="varchar" comment=""/>
    <mysql:Column name="QqSxLB" type="varchar" comment=""/>
    <mysql:Column name="sxHUfv" type="varchar" comment=""/>
  </mysql:Table>
</mysql:DataBase>
