<?xml version='1.0' encoding='ISO-8859-1'?>
<xmi:XMI xmlns:xmi="http://www.omg.org/XMI" xmlns:xsi="http://www.w3.org/2001/XMLSchema-instance">
  <Family lastName="NPsKHjBi">
    <father firstName="AGmkB"/>
    <mother firstName="LaVt"/>
    <sons firstName="Nbh"/>
    <daughters firstName="LGKBW"/>
  </Family>
  <Family lastName="UhIVRQlPqZPyYE">
    <father firstName="Lrj"/>
    <mother firstName="Fqput"/>
    <sons firstName="kUa"/>
    <sons firstName="EjQjL"/>
    <daughters firstName="MmiK"/>
    <daughters firstName="mcIeE"/>
  </Family>
  <Family lastName="ptuagmUZDKBlM">
    <father firstName="FwMHY"/>
    <mother firstName="FxSv"/>
    <sons firstName="ONGD"/>
    <daughters firstName="SGpi"/>
  </Family>
  <Family lastName="WJhZINiyFuB">
    <father firstName="VqsKV"/>
    <mother firstName="MdM"/>
    <sons firstName="KfOZ"/>
    <daughters firstName="ZbV"/>
  </Family>
  <Family lastName="prVLOHwZelhQh">
    <father firstName="nVZxe"/>
    <mother firstName="PVvKE"/>
    <sons firstName="osaYw"/>
    <daughters firstName="WEBmb"/>
    <daughters firstName="qIL"/>
  </Family>
</xmi:XMI>
