<asple:Program xmlns:xmi="http://www.omg.org/XMI" xmlns:xsi="http://www.w3.org/2001/XMLSchema-instance" xmlns:asple="http://asple/1.0" xmi:version="2.0" xmi:id="_7FuW4I-lEeaNMqhIMuT_iA">
  <declarations xmi:id="_8BJdUI-lEeaNMqhIMuT_iA">
    <identifiers xmi:id="_9EM1wI-lEeaNMqhIMuT_iA" name="total"/>
    <identifiers xmi:id="__HNPUI-lEeaNMqhIMuT_iA" name="n"/>
    <identifiers xmi:id="_BahVwI-mEeaNMqhIMuT_iA" name="inc"/>
  </declarations>
  <declarations xmi:id="_ixm2QI-mEeaNMqhIMuT_iA">
    <identifiers xmi:id="_jKjhwI-mEeaNMqhIMuT_iA" name="d"/>
  </declarations>
  <statements xsi:type="asple:Assignment" xmi:id="_Dm_0YI-mEeaNMqhIMuT_iA" var="_9EM1wI-lEeaNMqhIMuT_iA">
    <value xsi:type="asple:Integer" xmi:id="_E2uW4I-mEeaNMqhIMuT_iA" value="10"/>
  </statements>
  <statements xsi:type="asple:Assignment" xmi:id="_FwZw4I-mEeaNMqhIMuT_iA" var="__HNPUI-lEeaNMqhIMuT_iA">
    <value xsi:type="asple:Integer" xmi:id="_pPp3wI-mEeaNMqhIMuT_iA"/>
  </statements>
  <statements xsi:type="asple:Assignment" xmi:id="_Ib2DcI-mEeaNMqhIMuT_iA" var="_BahVwI-mEeaNMqhIMuT_iA">
    <value xsi:type="asple:Integer" xmi:id="_JhakYI-mEeaNMqhIMuT_iA" value="1"/>
  </statements>
  <statements xsi:type="asple:Assignment" xmi:id="_kSy8MI-mEeaNMqhIMuT_iA" var="_jKjhwI-mEeaNMqhIMuT_iA">
    <value xsi:type="asple:Double" xmi:id="_mwz2wI-mEeaNMqhIMuT_iA" value="10.0"/>
  </statements>
  <statements xsi:type="asple:Loop" xmi:id="_Kbe_8I-mEeaNMqhIMuT_iA">
    <expression xsi:type="asple:BinaryOperator" xmi:id="_LJbEAI-mEeaNMqhIMuT_iA" operator="add">
      <left xsi:type="asple:Identifier" xmi:id="_MQSlcI-mEeaNMqhIMuT_iA" name="n"/>
      <right xsi:type="asple:Identifier" xmi:id="_NT5XgI-mEeaNMqhIMuT_iA" name="total"/>
    </expression>
    <statements xsi:type="asple:Assignment" xmi:id="_OLg8AI-mEeaNMqhIMuT_iA" var="__HNPUI-lEeaNMqhIMuT_iA">
      <value xsi:type="asple:BinaryOperator" xmi:id="_Unp5AI-mEeaNMqhIMuT_iA" operator="add">
        <left xsi:type="asple:Identifier" xmi:id="_VPbDoI-mEeaNMqhIMuT_iA" name="n"/>
        <right xsi:type="asple:Identifier" xmi:id="_XWOYEI-mEeaNMqhIMuT_iA" name="inc"/>
      </value>
    </statements>
  </statements>
</asple:Program>
